epoch,lr_schedule,mem_mps_gb,mem_rss_gb,step,train_energy_MAE,train_forces_MAE,train_loss,val_energy_MAE,val_forces_MAE,val_loss
,0.0005,,,10773,,,,,,
189,,0.0004425048828125,1.2701263427734375,10779,0.12403193861246109,0.06239363178610802,0.007480598986148834,,,
189,,0.0004425048828125,1.7030029296875,10789,0.1617061048746109,0.0647260770201683,0.00846279226243496,,,
189,,0.0004425048828125,1.8751068115234375,10799,0.11984366178512573,0.05439282953739166,0.005734696984291077,,,
189,,0.0004425048828125,1.90277099609375,10809,0.40876880288124084,0.05266641080379486,0.01309494860470295,,,
189,,0.0004425048828125,1.912994384765625,10819,0.22751273214817047,0.06624318659305573,0.009962879121303558,,,
189,,0.0004425048828125,1.9135284423828125,10829,0.17031225562095642,0.06064910441637039,0.007626751903444529,,,
189,,,,10829,,,,0.1530187726020813,0.06162473186850548,0.008173582144081593
,0.0005,,,10830,,,,,,
190,,0.0004425048828125,1.65655517578125,10839,0.25366175174713135,0.05481049045920372,0.008407183922827244,,,
190,,0.0004425048828125,1.6566619873046875,10849,0.06250930577516556,0.06578303128480911,0.007382035721093416,,,
190,,0.0004425048828125,1.3199005126953125,10859,0.11546584963798523,0.05989519879221916,0.006659896578639746,,,
190,,0.0004425048828125,1.9128265380859375,10869,0.18727877736091614,0.06510266661643982,0.009135343134403229,,,
190,,0.0004425048828125,1.9145050048828125,10879,0.1523503065109253,0.05910118296742439,0.006963481195271015,,,
190,,,,10886,,,,0.5489019155502319,0.06051652878522873,0.022092504426836967
,0.0005,,,10887,,,,,,
191,,0.0004425048828125,1.6601104736328125,10889,0.05952787771821022,0.05705218017101288,0.005649687722325325,,,
191,,0.0004425048828125,1.6601715087890625,10899,0.1528865396976471,0.05403889715671539,0.006165362428873777,,,
191,,0.0004425048828125,1.6602020263671875,10909,0.2003479152917862,0.05707566812634468,0.007426002528518438,,,
191,,0.0004425048828125,1.6602630615234375,10919,0.06900814175605774,0.058077581226825714,0.0058257621712982655,,,
191,,0.0004425048828125,1.4462738037109375,10929,0.07726072520017624,0.05563659220933914,0.005327677354216576,,,
191,,0.0004425048828125,1.9080810546875,10939,0.0662909746170044,0.05237633362412453,0.004729476757347584,,,
191,,,,10943,,,,0.7201356291770935,0.06369614601135254,0.03355751931667328
,0.0005,,,10944,,,,,,
192,,0.0004425048828125,1.4805450439453125,10949,0.40002867579460144,0.06261803954839706,0.014862696640193462,,,
192,,0.0004425048828125,1.5486907958984375,10959,0.055693794041872025,0.07686223089694977,0.01003305334597826,,,
192,,0.0004425048828125,1.842926025390625,10969,0.10073951631784439,0.08257708698511124,0.012408136390149593,,,
192,,0.0004425048828125,1.6757965087890625,10979,0.06189644709229469,0.06395522505044937,0.007346520200371742,,,
192,,0.0004425048828125,1.6878814697265625,10989,0.40905439853668213,0.06200398877263069,0.014737306162714958,,,
192,,0.0004425048828125,1.3249359130859375,10999,0.017480533570051193,0.057201094925403595,0.005350383929908276,,,
192,,,,11000,,,,0.11611662805080414,0.06091316416859627,0.0075712366960942745
,0.0005,,,11001,,,,,,
193,,0.0004425048828125,1.606109619140625,11009,0.5492435097694397,0.06198649853467941,0.02147611230611801,,,
193,,0.0004425048828125,1.6061248779296875,11019,0.24873244762420654,0.06769592314958572,0.011025138199329376,,,
193,,0.0004425048828125,1.8355255126953125,11029,0.16082710027694702,0.0636819377541542,0.008447214961051941,,,
193,,0.0004425048828125,1.9481964111328125,11039,0.1397656947374344,0.08533058315515518,0.014064663089811802,,,
193,,0.0004425048828125,1.9362640380859375,11049,0.07470399141311646,0.0709444060921669,0.008929305709898472,,,
193,,,,11057,,,,0.11442478001117706,0.0667315199971199,0.008613282814621925
,0.0005,,,11058,,,,,,
194,,0.0004425048828125,1.647674560546875,11059,0.4186990261077881,0.06262463331222534,0.015236496925354004,,,
194,,0.0004425048828125,1.9447784423828125,11069,0.1358739137649536,0.060652632266283035,0.007140904199331999,,,
194,,0.0004425048828125,1.946685791015625,11079,0.32117825746536255,0.058656588196754456,0.011036204174160957,,,
194,,0.0004425048828125,1.6569976806640625,11089,0.07925712317228317,0.05527017265558243,0.005401762202382088,,,
194,,0.0004425048828125,1.6571044921875,11099,0.1639876514673233,0.06844254583120346,0.009191037155687809,,,
194,,0.0004425048828125,1.65753173828125,11109,0.07607580721378326,0.07104026526212692,0.0088273910805583,,,
194,,,,11114,,,,0.09486852586269379,0.0639527291059494,0.007857426069676876
,0.0005,,,11115,,,,,,
195,,0.0004425048828125,1.4253387451171875,11119,0.09665291756391525,0.058556538075208664,0.006483925972133875,,,
195,,0.0004425048828125,1.4253997802734375,11129,0.19528961181640625,0.05404065549373627,0.006887475028634071,,,
195,,0.0004425048828125,1.468963623046875,11139,0.15390697121620178,0.05951530858874321,0.007639674004167318,,,
195,,0.0004425048828125,1.4691009521484375,11149,0.06627921015024185,0.055796366184949875,0.005588277708739042,,,
195,,0.0004425048828125,1.469146728515625,11159,0.18847247958183289,0.054108381271362305,0.007086506113409996,,,
195,,0.0004425048828125,1.46917724609375,11169,0.06555122137069702,0.06508871167898178,0.007222037296742201,,,
195,,,,11171,,,,0.4321663975715637,0.06439673900604248,0.0171868484467268
,0.0005,,,11172,,,,,,
196,,0.0004425048828125,1.677093505859375,11179,0.12279829382896423,0.06007738411426544,0.0072378795593976974,,,
196,,0.0004425048828125,1.68572998046875,11189,0.34032875299453735,0.05855726823210716,0.011405495926737785,,,
196,,0.0004425048828125,1.68572998046875,11199,0.29592442512512207,0.05765579268336296,0.009927820414304733,,,
196,,0.0004425048828125,1.9248809814453125,11209,0.18829168379306793,0.05965638905763626,0.007855312898755074,,,
196,,0.0004425048828125,1.927490234375,11219,0.08119907975196838,0.05686844885349274,0.005625259131193161,,,
196,,,,11228,,,,0.22056369483470917,0.06244085729122162,0.00968598760664463
,0.0005,,,11229,,,,,,
197,,0.0004425048828125,1.5595245361328125,11229,0.19835621118545532,0.05857444182038307,0.007816895842552185,,,
197,,0.0004425048828125,1.559539794921875,11239,0.2595481276512146,0.05731191486120224,0.00893788319081068,,,
197,,0.0004425048828125,1.647857666015625,11249,0.219684436917305,0.05701781064271927,0.007909821346402168,,,
197,,0.0004425048828125,1.6479339599609375,11259,0.08154807239770889,0.055512379854917526,0.0054669552482664585,,,
197,,0.0004425048828125,1.95367431640625,11269,0.1826263815164566,0.053955528885126114,0.00637748371809721,,,
197,,0.0004425048828125,1.5198516845703125,11279,0.048090189695358276,0.05040566623210907,0.004274693317711353,,,
197,,,,11285,,,,0.07648805528879166,0.05981370061635971,0.006730794440954924
,0.0005,,,11286,,,,,,
198,,0.0004425048828125,1.356597900390625,11289,0.042508043348789215,0.05321572348475456,0.004785523749887943,,,
198,,0.0004425048828125,1.4351043701171875,11299,0.39880746603012085,0.05290626734495163,0.0127565311267972,,,
198,,0.0004425048828125,1.8425140380859375,11309,0.17616310715675354,0.05839668959379196,0.007357111666351557,,,
198,,0.0004425048828125,1.842529296875,11319,0.3274989724159241,0.05549899861216545,0.010585751384496689,,,
198,,0.0004425048828125,1.8425445556640625,11329,0.48309141397476196,0.06119545176625252,0.017913438379764557,,,
198,,0.0004425048828125,1.9117431640625,11339,0.03976660594344139,0.05616568773984909,0.005227654241025448,,,
198,,,,11342,,,,0.21868810057640076,0.0624907985329628,0.009984769858419895
,0.0005,,,11343,,,,,,
199,,0.0004425048828125,1.638275146484375,11349,0.41471853852272034,0.05943309888243675,0.014230870641767979,,,
199,,0.0004425048828125,1.791290283203125,11359,0.14993253350257874,0.06078846752643585,0.0072339968755841255,,,
199,,0.0004425048828125,1.80035400390625,11369,0.584048867225647,0.06783705949783325,0.025130100548267365,,,
199,,0.0004425048828125,1.8004302978515625,11379,0.2653238773345947,0.07018190622329712,0.01300557516515255,,,
199,,0.0004425048828125,1.6867523193359375,11389,0.13692623376846313,0.06485593318939209,0.0077480291947722435,,,
199,,0.0004425048828125,1.689422607421875,11399,0.45128247141838074,0.062433499842882156,0.016997234895825386,,,
199,,,,11399,,,,0.2524874806404114,0.06088709458708763,0.010268437676131725
,0.0005,,,11400,,,,,,
200,,0.0004425048828125,1.263763427734375,11409,0.10621645301580429,0.058188166469335556,0.006835653446614742,,,
200,,0.0004425048828125,1.497589111328125,11419,0.04837948456406593,0.05396232008934021,0.005050344858318567,,,
200,,0.0004425048828125,1.6003570556640625,11429,0.03963956981897354,0.054444536566734314,0.0052340165711939335,,,
200,,0.0004425048828125,1.7518310546875,11439,0.38510820269584656,0.052444055676460266,0.012090197764337063,,,
200,,0.0004425048828125,1.92279052734375,11449,0.3132263422012329,0.057042114436626434,0.0110022546723485,,,
200,,,,11456,,,,0.177261084318161,0.06395021826028824,0.009037955664098263
,0.0005,,,11457,,,,,,
201,,0.0004425048828125,1.599700927734375,11459,0.16669487953186035,0.06064349040389061,0.00727319810539484,,,
201,,0.0004425048828125,1.7648773193359375,11469,0.22444523870944977,0.05699656531214714,0.00797494687139988,,,
201,,0.0004425048828125,1.7648773193359375,11479,0.23329025506973267,0.060415156185626984,0.00949885230511427,,,
201,,0.0004425048828125,1.3842620849609375,11489,0.241654634475708,0.057677771896123886,0.008504778146743774,,,
201,,0.0004425048828125,1.3917083740234375,11499,0.16948963701725006,0.05565061420202255,0.006723334547132254,,,
201,,0.0004425048828125,1.356964111328125,11509,0.10938072949647903,0.05382407456636429,0.005478056613355875,,,
201,,,,11513,,,,0.4141066074371338,0.05820218846201897,0.01486699003726244
,0.0005,,,11514,,,,,,
202,,0.0004425048828125,1.601226806640625,11519,0.18565288186073303,0.053604092448949814,0.006657587364315987,,,
202,,0.0004425048828125,1.60125732421875,11529,0.5166480541229248,0.0552767850458622,0.018621046096086502,,,
202,,0.0004425048828125,1.228271484375,11539,0.18637588620185852,0.06193342059850693,0.008059839718043804,,,
202,,0.0004425048828125,1.2440032958984375,11549,0.5481112003326416,0.062261637300252914,0.021440764889121056,,,
202,,0.0004425048828125,1.921905517578125,11559,0.20926615595817566,0.06278280168771744,0.00927145965397358,,,
202,,0.0004425048828125,2.1451416015625,11569,0.4835106432437897,0.06540588289499283,0.018860114738345146,,,
202,,,,11570,,,,0.09850775450468063,0.06674552708864212,0.008273222483694553
,0.0005,,,11571,,,,,,
203,,0.0004425048828125,1.3110198974609375,11579,0.028888456523418427,0.058625727891922,0.005887274630367756,,,
203,,0.0004425048828125,1.31488037109375,11589,0.41580772399902344,0.06194630265235901,0.015239760279655457,,,
203,,0.0004425048828125,1.4457855224609375,11599,0.3294025659561157,0.06879390776157379,0.013974165543913841,,,
203,,0.0004425048828125,1.91241455078125,11609,0.37094438076019287,0.06964859366416931,0.015073226764798164,,,
203,,0.0004425048828125,1.91802978515625,11619,0.09901387244462967,0.0846831426024437,0.012841794639825821,,,
203,,,,11627,,,,1.098127841949463,0.119455486536026,0.08644910901784897
,0.0005,,,11628,,,,,,
204,,0.0004425048828125,1.56591796875,11629,0.20832161605358124,0.09447164833545685,0.01701180450618267,,,
204,,0.0004425048828125,1.8159942626953125,11639,27.23794937133789,0.4857405126094818,37.52463912963867,,,
204,,0.0004425048828125,1.4823760986328125,11649,7.236440658569336,0.5314490795135498,3.170165538787842,,,
204,,0.0004425048828125,1.4824676513671875,11659,0.7577292323112488,0.5163283348083496,0.5381306409835815,,,
204,,0.0004425048828125,1.9495391845703125,11669,1.4956586360931396,0.49043387174606323,0.5675132274627686,,,
204,,0.0004425048828125,1.9512481689453125,11679,0.9770392775535583,0.5135918855667114,0.5540902614593506,,,
204,,,,11684,,,,0.35221219062805176,0.5044769644737244,0.4882201850414276
,0.0005,,,11685,,,,,,
205,,0.0004425048828125,1.6392822265625,11689,0.20302294194698334,0.47993069887161255,0.43100711703300476,,,
205,,0.0004425048828125,1.639312744140625,11699,0.21275614202022552,0.4766840636730194,0.4149371385574341,,,
205,,0.0004425048828125,1.6393280029296875,11709,1.1249462366104126,0.48738324642181396,0.5331299901008606,,,
205,,0.0004425048828125,1.336517333984375,11719,0.7765292525291443,0.5005459189414978,0.5166732668876648,,,
205,,0.0004425048828125,1.75177001953125,11729,0.588424801826477,0.4779147803783417,0.4598999619483948,,,
205,,0.0004425048828125,1.858306884765625,11739,0.3772217929363251,0.48599353432655334,0.4512157440185547,,,
205,,,,11741,,,,0.28671377897262573,0.4738396406173706,0.436299592256546
,0.0005,,,11742,,,,,,
206,,0.0004425048828125,1.7438507080078125,11749,0.7470043897628784,0.46929270029067993,0.4554532766342163,,,
206,,0.0004425048828125,1.7438812255859375,11759,0.6537341475486755,0.4677802324295044,0.46588677167892456,,,
206,,0.0004425048828125,1.7438812255859375,11769,0.6780627369880676,0.4581296145915985,0.4235846996307373,,,
206,,0.0004425048828125,1.7438812255859375,11779,1.4109952449798584,0.4352604150772095,0.4612945318222046,,,
206,,0.0004425048828125,1.706298828125,11789,0.7011136412620544,0.4424618184566498,0.39424803853034973,,,
206,,,,11798,,,,0.3083958625793457,0.44378235936164856,0.38981589674949646
,0.0005,,,11799,,,,,,
207,,0.0004425048828125,1.257904052734375,11799,0.5683116316795349,0.42728641629219055,0.3784042298793793,,,
207,,0.0004425048828125,1.4119110107421875,11809,0.2513413727283478,0.4520317316055298,0.3942154049873352,,,
207,,0.0004425048828125,1.4119110107421875,11819,0.3566780686378479,0.41777992248535156,0.3490985929965973,,,
207,,0.0004425048828125,1.4119415283203125,11829,0.47966569662094116,0.4084140658378601,0.3260546326637268,,,
207,,0.0004425048828125,1.5002288818359375,11839,0.39118295907974243,0.41499632596969604,0.3331201374530792,,,
207,,0.0004425048828125,1.1363677978515625,11849,0.2577228546142578,0.4022027850151062,0.3307265639305115,,,
207,,,,11855,,,,0.9460359811782837,0.41003698110580444,0.3786517083644867
,0.0005,,,11856,,,,,,
208,,0.0004425048828125,1.295440673828125,11859,1.7122727632522583,0.4189556837081909,0.49513858556747437,,,
208,,0.0004425048828125,1.4826202392578125,11869,0.5984655618667603,0.43067437410354614,0.3709447979927063,,,
208,,0.0004425048828125,1.8534393310546875,11879,0.3920271396636963,0.40337619185447693,0.3328205943107605,,,
208,,0.0004425048828125,1.854522705078125,11889,0.46063220500946045,0.4037177860736847,0.3256106674671173,,,
208,,0.0004425048828125,1.8551788330078125,11899,0.4055497348308563,0.3581165671348572,0.2535249590873718,,,
208,,0.0004425048828125,1.855194091796875,11909,0.588025689125061,0.3715388774871826,0.28466692566871643,,,
208,,,,11912,,,,1.0667623281478882,0.359872043132782,0.3043205142021179
,0.0005,,,11913,,,,,,
209,,0.0004425048828125,1.4038543701171875,11919,0.4928998351097107,0.37252476811408997,0.2587094306945801,,,
209,,0.0004425048828125,1.8823699951171875,11929,0.3623442053794861,0.3532940149307251,0.2403380274772644,,,
209,,0.0004425048828125,1.921966552734375,11939,0.33031946420669556,0.33799856901168823,0.21484431624412537,,,
209,,0.0004425048828125,2.119842529296875,11949,0.5800473690032959,0.3312127888202667,0.218447744846344,,,
209,,0.0004425048828125,2.1198577880859375,11959,0.6161304116249084,0.3368738889694214,0.22870109975337982,,,
209,,0.0004425048828125,2.120086669921875,11969,0.36006492376327515,0.2834493815898895,0.1395270824432373,,,
209,,,,11969,,,,0.3980132043361664,0.3171028792858124,0.18974120914936066
,0.0005,,,11970,,,,,,
210,,0.0004425048828125,1.540069580078125,11979,0.2519264817237854,0.3227221667766571,0.18456311523914337,,,
210,,0.0004425048828125,1.7428436279296875,11989,0.28747352957725525,0.3024584949016571,0.16890433430671692,,,
210,,0.0004425048828125,2.0406341552734375,11999,0.42382046580314636,0.2978847920894623,0.16805902123451233,,,
210,,0.0004425048828125,2.1150054931640625,12009,0.5247982740402222,0.2906653881072998,0.15558397769927979,,,
210,,0.0004425048828125,2.117340087890625,12019,0.4380386471748352,0.29093462228775024,0.16280344128608704,,,
210,,,,12026,,,,1.2283415794372559,0.28365692496299744,0.21929511427879333
,0.0005,,,12027,,,,,,
211,,0.0004425048828125,1.6589508056640625,12029,0.10581999272108078,0.28146299719810486,0.13759291172027588,,,
211,,0.0004425048828125,1.963958740234375,12039,0.3938061594963074,0.2691231667995453,0.13496246933937073,,,
211,,0.0004425048828125,1.795928955078125,12049,0.24413122236728668,0.27447620034217834,0.1371789425611496,,,
211,,0.0004425048828125,1.87109375,12059,1.0095206499099731,0.27137359976768494,0.18498075008392334,,,
211,,0.0004425048828125,1.505096435546875,12069,0.08073606342077255,0.2676791548728943,0.12757518887519836,,,
211,,0.0004425048828125,2.0229339599609375,12079,0.27868080139160156,0.26141953468322754,0.12286030501127243,,,
211,,,,12083,,,,1.1573691368103027,0.2570561468601227,0.185275599360466
,0.0005,,,12084,,,,,,
212,,0.0004425048828125,1.622528076171875,12089,0.15615960955619812,0.25545477867126465,0.1143469586968422,,,
212,,0.0004425048828125,1.7312164306640625,12099,0.17114169895648956,0.24775579571723938,0.1067032739520073,,,
212,,0.0004425048828125,1.7312164306640625,12109,1.418074607849121,0.2537801265716553,0.2105204463005066,,,
212,,0.0004425048828125,1.931243896484375,12119,0.9464135766029358,0.24417191743850708,0.14865964651107788,,,
212,,0.0004425048828125,1.915802001953125,12129,0.4384313225746155,0.2527952790260315,0.12267424911260605,,,
212,,0.0004425048828125,1.9199066162109375,12139,0.6258456110954285,0.2672170400619507,0.14456741511821747,,,
212,,,,12140,,,,0.3260907828807831,0.2555975615978241,0.11965008080005646
,0.0005,,,12141,,,,,,
213,,0.0004425048828125,1.4689788818359375,12149,0.21274450421333313,0.2434241622686386,0.09923151135444641,,,
213,,0.0004425048828125,1.80853271484375,12159,0.7112177014350891,0.23568028211593628,0.12166519463062286,,,
213,,0.0004425048828125,1.9548797607421875,12169,0.9148634076118469,0.23614130914211273,0.13969793915748596,,,
213,,0.0004425048828125,1.6137542724609375,12179,0.3943672180175781,0.23683226108551025,0.10480475425720215,,,
213,,0.0004425048828125,1.923797607421875,12189,0.18728670477867126,0.23739172518253326,0.10012003034353256,,,
213,,,,12197,,,,1.2730447053909302,0.2351282387971878,0.1797916442155838
,0.0005,,,12198,,,,,,
214,,0.0004425048828125,1.551605224609375,12199,0.6369701623916626,0.2262413203716278,0.10943799465894699,,,
214,,0.0004425048828125,1.5518341064453125,12209,0.5576654076576233,0.2231598049402237,0.10153141617774963,,,
214,,0.0004425048828125,1.33831787109375,12219,1.7654504776000977,0.2272808700799942,0.24258175492286682,,,
214,,0.0004425048828125,1.2825469970703125,12229,0.24750027060508728,0.2194065898656845,0.08685138076543808,,,
214,,0.0004425048828125,1.8612823486328125,12239,0.3491345942020416,0.21929331123828888,0.08925160020589828,,,
214,,0.0004425048828125,1.8616485595703125,12249,0.6296244263648987,0.22640220820903778,0.11004722863435745,,,
214,,,,12254,,,,0.3402840495109558,0.22252784669399261,0.09285968542098999
,0.0005,,,12255,,,,,,
215,,0.0004425048828125,1.2914886474609375,12259,0.255348265171051,0.22166989743709564,0.08776331692934036,,,
215,,0.0004425048828125,1.808837890625,12269,0.14355596899986267,0.20516468584537506,0.0730893611907959,,,
215,,0.0004425048828125,1.4090728759765625,12279,0.4270206689834595,0.20593011379241943,0.08444637060165405,,,
215,,0.0004425048828125,1.40960693359375,12289,0.23963692784309387,0.19962823390960693,0.07195775210857391,,,
215,,0.0004425048828125,1.773529052734375,12299,0.21510028839111328,0.20967666804790497,0.07779271900653839,,,
215,,0.0004425048828125,1.6321868896484375,12309,0.7534064650535583,0.2146787792444229,0.11086000502109528,,,
215,,,,12311,,,,1.1665658950805664,0.21071293950080872,0.14683984220027924
,0.0005,,,12312,,,,,,
216,,0.0004425048828125,1.640594482421875,12319,0.763615071773529,0.20052535831928253,0.09948737174272537,,,
216,,0.0004425048828125,1.6480712890625,12329,0.30421125888824463,0.19631999731063843,0.07184028625488281,,,
216,,0.0004425048828125,1.2132415771484375,12339,0.9895269870758057,0.19269691407680511,0.11415059119462967,,,
216,,0.0004425048828125,1.214996337890625,12349,0.6079463362693787,0.19145715236663818,0.08181074261665344,,,
216,,0.0004425048828125,1.941253662109375,12359,1.1850612163543701,0.20212282240390778,0.13997089862823486,,,
216,,,,12368,,,,0.19595451653003693,0.19645288586616516,0.06805016100406647
,0.0005,,,12369,,,,,,
217,,0.0004425048828125,1.6591949462890625,12369,0.1935632824897766,0.19464518129825592,0.06742502003908157,,,
217,,0.0004425048828125,1.6592559814453125,12379,0.37897607684135437,0.19526927173137665,0.07385249435901642,,,
217,,0.0004425048828125,1.6600189208984375,12389,0.3233615756034851,0.18471500277519226,0.06806578487157822,,,
217,,0.0004425048828125,1.12274169921875,12399,0.1647627204656601,0.1955210417509079,0.06719391793012619,,,
217,,0.0004425048828125,1.563323974609375,12409,0.4261016845703125,0.17650039494037628,0.06364361196756363,,,
217,,0.0004425048828125,1.56549072265625,12419,1.1752759218215942,0.18810787796974182,0.12950503826141357,,,
217,,,,12425,,,,0.5929185748100281,0.18375039100646973,0.07738553732633591
,0.0005,,,12426,,,,,,
218,,0.0004425048828125,1.64727783203125,12429,0.24867026507854462,0.18152722716331482,0.05994473025202751,,,
218,,0.0004425048828125,1.647369384765625,12439,0.2448170781135559,0.1746980994939804,0.05380291864275932,,,
218,,0.0004425048828125,1.6474151611328125,12449,0.752214252948761,0.18051469326019287,0.08405223488807678,,,
218,,0.0004425048828125,1.6475677490234375,12459,0.1621607542037964,0.17088334262371063,0.04880301654338837,,,
218,,0.0004425048828125,1.647705078125,12469,0.17492228746414185,0.17513541877269745,0.0532822385430336,,,
218,,0.0004425048828125,1.6477508544921875,12479,0.10477165877819061,0.17327919602394104,0.051686741411685944,,,
218,,,,12482,,,,0.2213520109653473,0.17297974228858948,0.054176319390535355
,0.0005,,,12483,,,,,,
219,,0.0004425048828125,1.306182861328125,12489,0.8884928822517395,0.1669289618730545,0.08676968514919281,,,
219,,0.0004425048828125,1.6611480712890625,12499,0.4099254608154297,0.1639494001865387,0.05399983748793602,,,
219,,0.0004425048828125,1.6621551513671875,12509,0.7333724498748779,0.17317424714565277,0.082231804728508,,,
219,,0.0004425048828125,1.6631011962890625,12519,0.7811353206634521,0.17192041873931885,0.08558173477649689,,,
219,,0.0004425048828125,1.6632080078125,12529,0.6273729205131531,0.16635923087596893,0.06776075065135956,,,
219,,0.0004425048828125,1.332366943359375,12539,0.8304871320724487,0.17589686810970306,0.08671575784683228,,,
219,,,,12539,,,,0.2812270522117615,0.16678845882415771,0.052820783108472824
,0.0005,,,12540,,,,,,
220,,0.0004425048828125,1.63372802734375,12549,0.30178695917129517,0.17646948993206024,0.059204861521720886,,,
220,,0.0004425048828125,1.63372802734375,12559,0.10871997475624084,0.17046967148780823,0.04794111102819443,,,
220,,0.0004425048828125,1.2919921875,12569,0.1722119152545929,0.15801532566547394,0.04492365941405296,,,
220,,0.0004425048828125,1.6215362548828125,12579,0.1314837485551834,0.1629648357629776,0.04366884008049965,,,
220,,0.0004425048828125,1.8260345458984375,12589,0.5979452133178711,0.163445845246315,0.0635109394788742,,,
220,,,,12596,,,,1.291585087776184,0.15793563425540924,0.1278269737958908
,0.0005,,,12597,,,,,,
221,,0.0004425048828125,1.6419219970703125,12599,0.373221755027771,0.1609548181295395,0.04948689043521881,,,
221,,0.0004425048828125,1.6487274169921875,12609,0.4912663996219635,0.16003963351249695,0.05767153203487396,,,
221,,0.0004425048828125,1.7503814697265625,12619,0.05218816176056862,0.16321536898612976,0.04531615972518921,,,
221,,0.0004425048828125,1.750946044921875,12629,0.6034085750579834,0.15199191868305206,0.057464055716991425,,,
221,,0.0004425048828125,1.7513580322265625,12639,0.56418377161026,0.15839511156082153,0.05754465609788895,,,
221,,0.0004425048828125,1.75140380859375,12649,0.18445950746536255,0.1503639966249466,0.039504650980234146,,,
221,,,,12653,,,,0.3328615427017212,0.15253184735774994,0.04699474945664406
,0.0005,,,12654,,,,,,
222,,0.0004425048828125,1.693115234375,12659,0.28798821568489075,0.14744146168231964,0.04073060303926468,,,
222,,0.0004425048828125,1.6932525634765625,12669,0.24561001360416412,0.1581343412399292,0.044860102236270905,,,
222,,0.0004425048828125,1.693328857421875,12679,0.44323819875717163,0.1462763547897339,0.046053171157836914,,,
222,,0.0004425048828125,1.9035797119140625,12689,0.7811347842216492,0.14441268146038055,0.06640534847974777,,,
222,,0.0004425048828125,1.90789794921875,12699,0.24551843106746674,0.1598420888185501,0.04589161276817322,,,
222,,0.0004425048828125,1.910003662109375,12709,0.23440229892730713,0.15412090718746185,0.0452946312725544,,,
222,,,,12710,,,,0.19169683754444122,0.14871658384799957,0.039888907223939896
,0.0005,,,12711,,,,,,
223,,0.0004425048828125,1.6082305908203125,12719,0.40391188859939575,0.14974915981292725,0.04794958978891373,,,
223,,0.0004425048828125,1.608245849609375,12729,0.6322317719459534,0.15367190539836884,0.06085951626300812,,,
223,,0.0004425048828125,1.621490478515625,12739,0.25355473160743713,0.15310817956924438,0.044104866683483124,,,
223,,0.0004425048828125,1.6215362548828125,12749,0.728014349937439,0.15714557468891144,0.06949738413095474,,,
223,,0.0004425048828125,1.547210693359375,12759,0.8414627313613892,0.14704760909080505,0.07423409819602966,,,
223,,,,12767,,,,0.6564987897872925,0.14783309400081635,0.060845088213682175
,0.00025,,,12768,,,,,,
224,,0.0004425048828125,1.447021484375,12769,0.628661572933197,0.1502528339624405,0.058753274381160736,,,
224,,0.0004425048828125,1.1846771240234375,12779,0.31887340545654297,0.14378982782363892,0.03914809226989746,,,
224,,0.0004425048828125,1.768096923828125,12789,0.16262415051460266,0.14326705038547516,0.034738097339868546,,,
224,,0.0004425048828125,1.76824951171875,12799,0.3638087213039398,0.14017799496650696,0.03980454429984093,,,
224,,0.0004425048828125,1.7683258056640625,12809,0.6401870846748352,0.14732268452644348,0.05863278731703758,,,
224,,0.0004425048828125,1.7683258056640625,12819,0.19357486069202423,0.1414429396390915,0.035471558570861816,,,
224,,,,12824,,,,0.16740097105503082,0.13985656201839447,0.034958358854055405
,0.00025,,,12825,,,,,,
225,,0.0004425048828125,1.3985137939453125,12829,0.10758964717388153,0.14446569979190826,0.03578324243426323,,,
225,,0.0004425048828125,1.3985595703125,12839,0.20298750698566437,0.14680933952331543,0.03771128132939339,,,
225,,0.0004425048828125,1.420928955078125,12849,0.11238975822925568,0.1407640278339386,0.03453972563147545,,,
225,,0.0004425048828125,1.4209442138671875,12859,0.26341941952705383,0.13852910697460175,0.03600220009684563,,,
225,,0.0004425048828125,1.890869140625,12869,0.3329792618751526,0.13898052275180817,0.039173420518636703,,,
225,,0.0004425048828125,1.8908843994140625,12879,0.483582079410553,0.13225430250167847,0.041779857128858566,,,
225,,,,12881,,,,0.6085616946220398,0.13689181208610535,0.05193233862519264
,0.00025,,,12882,,,,,,
226,,0.0004425048828125,1.548858642578125,12889,0.5002608299255371,0.13929450511932373,0.04530978947877884,,,
226,,0.0004425048828125,1.5488739013671875,12899,0.31106746196746826,0.14039289951324463,0.03791972994804382,,,
226,,0.0004425048828125,1.7005615234375,12909,0.21093682944774628,0.13871492445468903,0.035462796688079834,,,
226,,0.0004425048828125,1.7036590576171875,12919,0.12615668773651123,0.13977983593940735,0.032617561519145966,,,
226,,0.0004425048828125,1.33746337890625,12929,0.2943306565284729,0.1397424191236496,0.037551842629909515,,,
226,,,,12938,,,,0.5814042687416077,0.13414806127548218,0.04898892715573311
,0.00025,,,12939,,,,,,
227,,0.0004425048828125,1.4423065185546875,12939,0.6462609171867371,0.1366506963968277,0.05112209543585777,,,
227,,0.0004425048828125,1.7346649169921875,12949,0.1848495453596115,0.13541744649410248,0.03232342004776001,,,
227,,0.0004425048828125,1.73468017578125,12959,0.09407968819141388,0.13434815406799316,0.029527824372053146,,,
227,,0.0004425048828125,1.73468017578125,12969,0.07234171032905579,0.1326577067375183,0.029227523133158684,,,
227,,0.0004425048828125,1.7346954345703125,12979,0.17730610072612762,0.13140521943569183,0.03091188706457615,,,
227,,0.0004425048828125,1.24420166015625,12989,0.1324559450149536,0.13103052973747253,0.029622087255120277,,,
227,,,,12995,,,,0.161265030503273,0.13093754649162292,0.030851449817419052
,0.00025,,,12996,,,,,,
228,,0.0004425048828125,1.3409576416015625,12999,0.05108354240655899,0.1301548182964325,0.027506306767463684,,,
228,,0.0004425048828125,1.6664276123046875,13009,0.17080475389957428,0.12887947261333466,0.02869110181927681,,,
228,,0.0004425048828125,1.5266876220703125,13019,0.11699200421571732,0.11890815943479538,0.024331381544470787,,,
228,,0.0004425048828125,1.5266876220703125,13029,0.09359323233366013,0.12739571928977966,0.026968521997332573,,,
228,,0.0004425048828125,1.1022491455078125,13039,0.19357848167419434,0.13058876991271973,0.029391003772616386,,,
228,,0.0004425048828125,1.31597900390625,13049,0.22757305204868317,0.1243039071559906,0.029045971110463142,,,
228,,,,13052,,,,0.4559328854084015,0.12828241288661957,0.039616215974092484
,0.00025,,,13053,,,,,,
229,,0.0004425048828125,1.681732177734375,13059,0.41242605447769165,0.12573954463005066,0.03551946207880974,,,
229,,0.0004425048828125,1.6817779541015625,13069,0.2645111083984375,0.13054105639457703,0.033257223665714264,,,
229,,0.0004425048828125,1.85089111328125,13079,0.45820459723472595,0.127434641122818,0.03722456097602844,,,
229,,0.0004425048828125,1.8135833740234375,13089,0.12800151109695435,0.11964812874794006,0.023925399407744408,,,
229,,0.0004425048828125,1.8077392578125,13099,0.17116287350654602,0.12325341254472733,0.027032697573304176,,,
229,,0.0004425048828125,1.790252685546875,13109,0.12665098905563354,0.1259082406759262,0.02687963657081127,,,
229,,,,13109,,,,0.30817633867263794,0.12704692780971527,0.03337586298584938
,0.00025,,,13110,,,,,,
230,,0.0004425048828125,1.547943115234375,13119,0.5139755606651306,0.12644673883914948,0.03984932228922844,,,
230,,0.0004425048828125,1.9186859130859375,13129,0.09789858013391495,0.13174663484096527,0.029122579842805862,,,
230,,0.0004425048828125,1.91888427734375,13139,0.689445972442627,0.12854968011379242,0.05154683068394661,,,
230,,0.0004425048828125,1.918975830078125,13149,0.7009740471839905,0.12873029708862305,0.05323050171136856,,,
230,,0.0004425048828125,1.9197235107421875,13159,0.3076590597629547,0.129486083984375,0.03374843671917915,,,
230,,,,13166,,,,0.3787153363227844,0.12745092809200287,0.03625429794192314
,0.00025,,,13167,,,,,,
231,,0.0004425048828125,1.4335784912109375,13169,0.3822861909866333,0.12908989191055298,0.03472089394927025,,,
231,,0.0004425048828125,1.4399261474609375,13179,0.3355907201766968,0.12238587439060211,0.029845336452126503,,,
231,,0.0004425048828125,1.623626708984375,13189,0.18043018877506256,0.13614876568317413,0.03254846855998039,,,
231,,0.0004425048828125,2.0242767333984375,13199,0.031455062329769135,0.133315309882164,0.030809544026851654,,,
231,,0.0004425048828125,1.940093994140625,13209,0.11071745306253433,0.12783101201057434,0.02753550186753273,,,
231,,0.0004425048828125,1.9453887939453125,13219,0.10221055150032043,0.1328458935022354,0.03031058982014656,,,
231,,,,13223,,,,0.19697773456573486,0.1243642270565033,0.028893031179904938
,0.00025,,,13224,,,,,,
232,,0.0004425048828125,1.4828643798828125,13229,0.3380647897720337,0.11321555078029633,0.027345217764377594,,,
232,,0.0004425048828125,1.6292266845703125,13239,0.19043973088264465,0.126830592751503,0.02895631268620491,,,
232,,0.0004425048828125,1.8378753662109375,13249,0.41747409105300903,0.1239391341805458,0.03502372279763222,,,
232,,0.0004425048828125,1.8368988037109375,13259,0.7683666348457336,0.12733380496501923,0.0573718324303627,,,
232,,0.0004425048828125,1.837738037109375,13269,0.7752573490142822,0.12733885645866394,0.05748064070940018,,,
232,,0.0004425048828125,1.8377838134765625,13279,0.24314868450164795,0.12381558120250702,0.02994997613132,,,
232,,,,13280,,,,0.6358892321586609,0.12445441633462906,0.04781718552112579
,0.00025,,,13281,,,,,,
233,,0.0004425048828125,1.51068115234375,13289,0.7935593128204346,0.12842389941215515,0.058577924966812134,,,
233,,0.0004425048828125,1.8448333740234375,13299,0.31411212682724,0.12319296598434448,0.03201906755566597,,,
233,,0.0004425048828125,1.8450927734375,13309,0.067085862159729,0.12282410264015198,0.025983188301324844,,,
233,,0.0004425048828125,1.8448333740234375,13319,0.423881471157074,0.1317642778158188,0.03882104530930519,,,
233,,0.0004425048828125,1.8448638916015625,13329,0.45935264229774475,0.12247117608785629,0.03559417650103569,,,
233,,,,13337,,,,0.13602176308631897,0.12295326590538025,0.02673988789319992
,0.00025,,,13338,,,,,,
234,,0.0004425048828125,1.587249755859375,13339,0.08332917094230652,0.13047634065151215,0.029069608077406883,,,
234,,0.0004425048828125,1.8986358642578125,13349,0.7295732498168945,0.11937833577394485,0.05242573842406273,,,
234,,0.0004425048828125,1.899627685546875,13359,0.5213980078697205,0.12623126804828644,0.04145155847072601,,,
234,,0.0004425048828125,1.451446533203125,13369,0.3325819671154022,0.12039533257484436,0.029686272144317627,,,
234,,0.0004425048828125,1.6942138671875,13379,0.1895976960659027,0.11868684738874435,0.026091372594237328,,,
234,,0.0004425048828125,1.6969146728515625,13389,0.3337993621826172,0.11976944655179977,0.02910379134118557,,,
234,,,,13394,,,,0.562538743019104,0.1207207441329956,0.04156041517853737
,0.00025,,,13395,,,,,,
235,,0.0004425048828125,1.40533447265625,13399,0.12960529327392578,0.12166748940944672,0.025445953011512756,,,
235,,0.0004425048828125,1.4054412841796875,13409,0.3880460560321808,0.12117195874452591,0.032691553235054016,,,
235,,0.0004425048828125,1.345611572265625,13419,0.3422764837741852,0.11391927301883698,0.029139487072825432,,,
235,,0.0004425048828125,1.90020751953125,13429,0.12193283438682556,0.12258263677358627,0.025335850194096565,,,
235,,0.0004425048828125,1.0393524169921875,13439,0.1070799008011818,0.11643190681934357,0.023557739332318306,,,
235,,0.0004425048828125,1.2593841552734375,13449,0.031158171594142914,0.11524409800767899,0.02177567034959793,,,
235,,,,13451,,,,0.24069827795028687,0.11850395053625107,0.027705013751983643
,0.00025,,,13452,,,,,,
236,,0.0004425048828125,1.3614044189453125,13459,0.12123751640319824,0.11668797582387924,0.023386653512716293,,,
236,,0.0004425048828125,1.3614349365234375,13469,0.16648748517036438,0.11405716836452484,0.022513512521982193,,,
236,,0.0004425048828125,1.361541748046875,13479,0.6050863862037659,0.11785803735256195,0.04106857627630234,,,
236,,0.0004425048828125,1.3618011474609375,13489,0.3267064690589905,0.12025214731693268,0.03001321293413639,,,
236,,0.0004425048828125,1.4287109375,13499,0.1049518957734108,0.11794345825910568,0.02341783605515957,,,
236,,,,13508,,,,0.3579741418361664,0.11824875324964523,0.03130100667476654
,0.00025,,,13509,,,,,,
237,,0.0004425048828125,1.42877197265625,13509,0.3965669870376587,0.11969736218452454,0.03173914551734924,,,
237,,0.0004425048828125,1.42877197265625,13519,0.247911274433136,0.11719142645597458,0.025923406705260277,,,
237,,0.0004425048828125,1.4287872314453125,13529,0.3204578161239624,0.12078475952148438,0.03144969046115875,,,
237,,0.0004425048828125,1.8303680419921875,13539,0.4490312337875366,0.11806068569421768,0.03390862047672272,,,
237,,0.0004425048828125,1.83038330078125,13549,0.19702714681625366,0.12324558943510056,0.027594398707151413,,,
237,,0.0004425048828125,1.83038330078125,13559,0.1698109209537506,0.11681743711233139,0.02399314008653164,,,
237,,,,13565,,,,0.1336793452501297,0.1166522353887558,0.02415437623858452
,0.00025,,,13566,,,,,,
238,,0.0004425048828125,1.8303985595703125,13569,0.15216709673404694,0.1142093762755394,0.023436006158590317,,,
238,,0.0004425048828125,1.8304443359375,13579,0.2756335735321045,0.10876144468784332,0.024466099217534065,,,
238,,0.0004425048828125,1.83050537109375,13589,0.13097822666168213,0.11875206232070923,0.024779073894023895,,,
238,,0.0004425048828125,1.83050537109375,13599,0.41919565200805664,0.1248387023806572,0.036020562052726746,,,
238,,0.0004425048828125,1.8305206298828125,13609,0.30907317996025085,0.11372894793748856,0.027432125061750412,,,
238,,0.0004425048828125,1.7794952392578125,13619,0.12870456278324127,0.11088529974222183,0.021382292732596397,,,
238,,,,13622,,,,0.6250742077827454,0.11469972133636475,0.0426064059138298
,0.00025,,,13623,,,,,,
239,,0.0004425048828125,1.6465301513671875,13629,0.07333896309137344,0.11359947919845581,0.02155667543411255,,,
239,,0.0004425048828125,1.6472015380859375,13639,0.3792763650417328,0.10953492671251297,0.028326071798801422,,,
239,,0.0004425048828125,1.6473846435546875,13649,0.05683276802301407,0.11625148355960846,0.023406650871038437,,,
239,,0.0004425048828125,1.6496734619140625,13659,0.11200530081987381,0.11690641194581985,0.023059431463479996,,,
239,,0.0004425048828125,1.9490509033203125,13669,0.09944311529397964,0.11126024276018143,0.020616941154003143,,,
239,,0.0004425048828125,1.9494476318359375,13679,0.17288586497306824,0.11437150090932846,0.02279801480472088,,,
239,,,,13679,,,,0.2848281264305115,0.11397786438465118,0.02705896459519863
,0.00025,,,13680,,,,,,
240,,0.0004425048828125,1.5642242431640625,13689,0.11109165847301483,0.11340241879224777,0.021389102563261986,,,
240,,0.0004425048828125,1.564544677734375,13699,0.27654480934143066,0.11403290182352066,0.02530645579099655,,,
240,,0.0004425048828125,1.5645751953125,13709,0.6403228640556335,0.11317739635705948,0.04296652972698212,,,
240,,0.0004425048828125,1.6567535400390625,13719,0.10410325229167938,0.11751040071249008,0.02340048737823963,,,
240,,0.0004425048828125,1.6568756103515625,13729,0.571099042892456,0.11376384645700455,0.03830685466527939,,,
240,,,,13736,,,,0.3916230797767639,0.11251995712518692,0.030036963522434235
,0.00025,,,13737,,,,,,
241,,0.0004425048828125,1.41180419921875,13739,0.5022856593132019,0.1093674972653389,0.03287322446703911,,,
241,,0.0004425048828125,1.4118194580078125,13749,0.25049740076065063,0.11368435621261597,0.024980852380394936,,,
241,,0.0004425048828125,1.380706787109375,13759,0.0775461196899414,0.11211266368627548,0.021612301468849182,,,
241,,0.0004425048828125,1.380706787109375,13769,0.07371288537979126,0.10856204479932785,0.021240968257188797,,,
241,,0.0004425048828125,1.5576934814453125,13779,0.1644526720046997,0.11881612241268158,0.026045959442853928,,,
241,,0.0004425048828125,2.0771026611328125,13789,0.3284547030925751,0.11133495718240738,0.026043785735964775,,,
241,,,,13793,,,,0.6022501587867737,0.11077722907066345,0.039765987545251846
,0.00025,,,13794,,,,,,
242,,0.0004425048828125,1.5775909423828125,13799,0.4094046354293823,0.11298227310180664,0.029697012156248093,,,
242,,0.0004425048828125,1.883697509765625,13809,0.4159289002418518,0.11275862902402878,0.03036920353770256,,,
242,,0.0004425048828125,1.884185791015625,13819,0.3763388991355896,0.11430288106203079,0.029421843588352203,,,
242,,0.0004425048828125,1.886962890625,13829,0.28814101219177246,0.11625678092241287,0.02726646512746811,,,
242,,0.0004425048828125,1.9200286865234375,13839,0.12029635906219482,0.11223024874925613,0.021915936842560768,,,
242,,0.0004425048828125,1.9200592041015625,13849,0.04107142612338066,0.1114891991019249,0.021122628822922707,,,
242,,,,13850,,,,0.23951290547847748,0.1104651466012001,0.024242598563432693
,0.00025,,,13851,,,,,,
243,,0.0004425048828125,1.4837188720703125,13859,0.18688805401325226,0.11023026704788208,0.022586001083254814,,,
243,,0.0004425048828125,1.654541015625,13869,0.36265575885772705,0.10688375681638718,0.02600303292274475,,,
243,,0.0004425048828125,1.341644287109375,13879,0.10001254081726074,0.10615181177854538,0.01815192773938179,,,
243,,0.0004425048828125,1.6903839111328125,13889,0.24819442629814148,0.10995349287986755,0.022780263796448708,,,
243,,0.0004425048828125,1.912841796875,13899,0.25363409519195557,0.10271012037992477,0.020601632073521614,,,
243,,,,13907,,,,0.1224670335650444,0.11029018461704254,0.021544773131608963
,0.00025,,,13908,,,,,,
244,,0.0004425048828125,1.54278564453125,13909,0.12586036324501038,0.11000016331672668,0.021320104598999023,,,
244,,0.0004425048828125,1.87225341796875,13919,0.5401491522789001,0.11072360724210739,0.0357360765337944,,,
244,,0.0004425048828125,1.8734588623046875,13929,0.3926162123680115,0.10349661856889725,0.02599535696208477,,,
244,,0.0004425048828125,1.873992919921875,13939,0.20532840490341187,0.1081201508641243,0.021524131298065186,,,
244,,0.0004425048828125,1.874053955078125,13949,0.05314907431602478,0.11078623682260513,0.020311638712882996,,,
244,,0.0004425048828125,1.8740692138671875,13959,0.15056565403938293,0.11325007677078247,0.023403223603963852,,,
244,,,,13964,,,,0.6973707675933838,0.10889697074890137,0.04517126455903053
,0.00025,,,13965,,,,,,
245,,0.0004425048828125,1.4347686767578125,13969,0.10239434242248535,0.10972943902015686,0.02070266753435135,,,
245,,0.0004425048828125,1.4347686767578125,13979,0.15172632038593292,0.10866407305002213,0.021595200523734093,,,
245,,0.0004425048828125,1.423858642578125,13989,0.1160329133272171,0.10926633328199387,0.019966911524534225,,,
245,,0.0004425048828125,1.9107513427734375,13999,0.24330371618270874,0.10785467177629471,0.022381441667675972,,,
245,,0.0004425048828125,1.91259765625,14009,0.4694949686527252,0.1055070087313652,0.029694676399230957,,,
245,,0.0004425048828125,1.9128265380859375,14019,0.11583240330219269,0.11229592561721802,0.02181791141629219,,,
245,,,,14021,,,,0.1824806183576584,0.10806440562009811,0.021976519376039505
,0.00025,,,14022,,,,,,
246,,0.0004425048828125,1.38446044921875,14029,0.2929850220680237,0.10161853581666946,0.021911676973104477,,,
246,,0.0004425048828125,1.7292633056640625,14039,0.5254613161087036,0.11084555834531784,0.034368276596069336,,,
246,,0.0004425048828125,1.9203643798828125,14049,0.13546377420425415,0.11131099611520767,0.02220543473958969,,,
246,,0.0004425048828125,1.92108154296875,14059,0.3167429566383362,0.10341732949018478,0.022794237360358238,,,
246,,0.0004425048828125,1.9212188720703125,14069,0.05561346188187599,0.1045503094792366,0.01819366216659546,,,
246,,,,14078,,,,0.1261899620294571,0.1074221134185791,0.020682724192738533
,0.00025,,,14079,,,,,,
247,,0.0004425048828125,1.6488037109375,14079,0.05310637876391411,0.1051345020532608,0.018577175214886665,,,
247,,0.0004425048828125,1.64947509765625,14089,0.14137038588523865,0.11203066259622574,0.021814681589603424,,,
247,,0.0004425048828125,1.6494903564453125,14099,0.09731981158256531,0.10856503993272781,0.020199108868837357,,,
247,,0.0004425048828125,1.6495208740234375,14109,0.09811602532863617,0.10786991566419601,0.020157555118203163,,,
247,,0.0004425048828125,1.6496429443359375,14119,0.26507875323295593,0.11210114508867264,0.026843931525945663,,,
247,,0.0004425048828125,1.397857666015625,14129,0.10535846650600433,0.10836560279130936,0.02046329341828823,,,
247,,,,14135,,,,0.1086537092924118,0.10610712319612503,0.01974879764020443
,0.00025,,,14136,,,,,,
248,,0.0004425048828125,1.4493865966796875,14139,0.294095903635025,0.10609110444784164,0.02366582676768303,,,
248,,0.0004425048828125,1.559661865234375,14149,0.30076897144317627,0.11115097254514694,0.02537454664707184,,,
248,,0.0004425048828125,1.7777862548828125,14159,0.04730761796236038,0.10053251683712006,0.01684168353676796,,,
248,,0.0004425048828125,1.7778167724609375,14169,0.402996301651001,0.10623148083686829,0.026489082723855972,,,
248,,0.0004425048828125,1.75927734375,14179,0.4028337895870209,0.1048908531665802,0.025783192366361618,,,
248,,0.0004425048828125,1.9108734130859375,14189,0.13025148212909698,0.10155922919511795,0.018487384542822838,,,
248,,,,14192,,,,0.3489937484264374,0.10552377253770828,0.025780558586120605
,0.00025,,,14193,,,,,,
249,,0.0004425048828125,1.640655517578125,14199,0.11579721421003342,0.10853994637727737,0.020915763452649117,,,
249,,0.0004425048828125,1.6977691650390625,14209,0.08190804719924927,0.1085817739367485,0.019747145473957062,,,
249,,0.0004425048828125,1.81536865234375,14219,0.09511873126029968,0.1019781157374382,0.017378777265548706,,,
249,,0.0004425048828125,1.7853240966796875,14229,0.09124445170164108,0.10015136003494263,0.017032163217663765,,,
249,,0.0004425048828125,1.797088623046875,14239,0.34345847368240356,0.10352904349565506,0.024265997111797333,,,
249,,0.0004425048828125,1.7971343994140625,14249,9.66787338256836e-05,0.11337785422801971,0.019934602081775665,,,
249,,,,14249,,,,0.13655459880828857,0.10409309715032578,0.019408155232667923
,0.000125,,,14250,,,,,,
250,,0.0004425048828125,1.4920196533203125,14259,0.03797566890716553,0.10470333695411682,0.018373699858784676,,,
250,,0.0004425048828125,1.40045166015625,14269,0.07748881727457047,0.09713722765445709,0.016543474048376083,,,
250,,0.0004425048828125,1.823699951171875,14279,0.053645964711904526,0.10006122291088104,0.01664743199944496,,,
250,,0.0004425048828125,1.903411865234375,14289,0.037716470658779144,0.10045674443244934,0.016462113708257675,,,
250,,0.0004425048828125,1.9062042236328125,14299,0.051256272941827774,0.09947403520345688,0.016604645177721977,,,
250,,,,14306,,,,0.34058117866516113,0.10276706516742706,0.02425156906247139
,0.000125,,,14307,,,,,,
251,,0.0004425048828125,1.4253997802734375,14309,0.25858575105667114,0.10314900428056717,0.021411262452602386,,,
251,,0.0004425048828125,1.684967041015625,14319,0.13911393284797668,0.10092596709728241,0.018052315339446068,,,
251,,0.0004425048828125,1.591033935546875,14329,0.18138322234153748,0.0978061705827713,0.017534589394927025,,,
251,,0.0004425048828125,1.5922088623046875,14339,0.20428654551506042,0.10135957598686218,0.01941608265042305,,,
251,,0.0004425048828125,1.7740325927734375,14349,0.06705702841281891,0.10334490239620209,0.017535196617245674,,,
251,,0.0004425048828125,1.78021240234375,14359,0.14187392592430115,0.09938932955265045,0.017733190208673477,,,
251,,,,14363,,,,0.11865625530481339,0.1017889529466629,0.018634343519806862
,0.000125,,,14364,,,,,,
252,,0.0004425048828125,1.43292236328125,14369,0.09872017800807953,0.0997687503695488,0.0163879431784153,,,
252,,0.0004425048828125,1.5114593505859375,14379,0.27724891901016235,0.09758087247610092,0.02053241990506649,,,
252,,0.0004425048828125,1.51898193359375,14389,0.04499194025993347,0.10675850510597229,0.018629517406225204,,,
252,,0.0004425048828125,1.50384521484375,14399,0.06361666321754456,0.09971538186073303,0.016716936603188515,,,
252,,0.0004425048828125,1.886627197265625,14409,0.3222084045410156,0.10087617486715317,0.022350691258907318,,,
252,,0.0004425048828125,1.886810302734375,14419,0.17912882566452026,0.09877959638834,0.018194491043686867,,,
252,,,,14420,,,,0.10077062249183655,0.10120745748281479,0.01793617568910122
,0.000125,,,14421,,,,,,
253,,0.0004425048828125,1.504791259765625,14429,0.06776741147041321,0.1012689620256424,0.01706131547689438,,,
253,,0.0004425048828125,1.6490325927734375,14439,0.11678583920001984,0.09878382831811905,0.017140507698059082,,,
253,,0.0004425048828125,1.2272186279296875,14449,0.1275402307510376,0.10752374678850174,0.020146679133176804,,,
253,,0.0004425048828125,1.8643646240234375,14459,0.05658753961324692,0.10492242872714996,0.017590895295143127,,,
253,,0.0004425048828125,1.7771148681640625,14469,0.576763391494751,0.09744931757450104,0.032496124505996704,,,
253,,,,14477,,,,0.36621224880218506,0.10140739381313324,0.024751126766204834
,0.000125,,,14478,,,,,,
254,,0.0004425048828125,1.26922607421875,14479,0.13729307055473328,0.0989481583237648,0.017229070886969566,,,
254,,0.0004425048828125,1.7349700927734375,14489,0.4133833050727844,0.09958779066801071,0.02531759813427925,,,
254,,0.0004425048828125,1.735015869140625,14499,0.16614505648612976,0.09701905399560928,0.017303189262747765,,,
254,,0.0004425048828125,1.6181488037109375,14509,0.1043534055352211,0.10335295647382736,0.018290508538484573,,,
254,,0.0004425048828125,1.8516082763671875,14519,0.1550983190536499,0.10363740473985672,0.018676623702049255,,,
254,,0.0004425048828125,1.9185943603515625,14529,0.056325480341911316,0.09730920940637589,0.01547721866518259,,,
254,,,,14534,,,,0.09957528114318848,0.10035547614097595,0.017638713121414185
,0.000125,,,14535,,,,,,
255,,0.0004425048828125,1.625091552734375,14539,0.2058439701795578,0.1002776175737381,0.018993450328707695,,,
255,,0.0004425048828125,1.9129638671875,14549,0.18181073665618896,0.10049977153539658,0.018381010740995407,,,
255,,0.0004425048828125,1.604400634765625,14559,0.09122515469789505,0.09834771603345871,0.016658276319503784,,,
255,,0.0004425048828125,1.6096038818359375,14569,0.1598670780658722,0.10521798580884933,0.0202101431787014,,,
255,,0.0004425048828125,1.2043609619140625,14579,0.08377072215080261,0.09669846296310425,0.015766745433211327,,,
255,,0.0004425048828125,1.6111297607421875,14589,0.09886233508586884,0.09365668892860413,0.015355980023741722,,,
255,,,,14591,,,,0.15139782428741455,0.09949655830860138,0.01838800124824047
,0.000125,,,14592,,,,,,
256,,0.0004425048828125,1.605804443359375,14599,0.30133968591690063,0.09668689966201782,0.02041260525584221,,,
256,,0.0004425048828125,1.6058502197265625,14609,0.07832804322242737,0.09829452633857727,0.016788359731435776,,,
256,,0.0004425048828125,1.6058502197265625,14619,0.20732727646827698,0.10304245352745056,0.020350156351923943,,,
256,,0.0004425048828125,1.1754608154296875,14629,0.037198133766651154,0.09029477089643478,0.013109119608998299,,,
256,,0.0004425048828125,1.21929931640625,14639,0.17159238457679749,0.09640654921531677,0.016932880505919456,,,
256,,,,14648,,,,0.176674023270607,0.09911010414361954,0.018701443448662758
,0.000125,,,14649,,,,,,
257,,0.0004425048828125,1.5457611083984375,14649,0.12995314598083496,0.09571421891450882,0.016205135732889175,,,
257,,0.0004425048828125,1.6559295654296875,14659,0.18541286885738373,0.1011565774679184,0.01883845031261444,,,
257,,0.0004425048828125,1.8488922119140625,14669,0.20110872387886047,0.09532341361045837,0.017632653936743736,,,
257,,0.0004425048828125,1.8514862060546875,14679,0.2068769335746765,0.09827577322721481,0.018289128318428993,,,
257,,0.0004425048828125,1.8515472412109375,14689,0.11261367797851562,0.09477946162223816,0.015494170598685741,,,
257,,0.0004425048828125,1.8522186279296875,14699,0.12246374040842056,0.09845547378063202,0.01660778932273388,,,
257,,,,14705,,,,0.15496303141117096,0.09871037304401398,0.017983878031373024
,0.000125,,,14706,,,,,,
258,,0.0004425048828125,1.639984130859375,14709,0.04895811155438423,0.09486239403486252,0.014599377289414406,,,
258,,0.0004425048828125,1.592864990234375,14719,0.09796328842639923,0.10030224919319153,0.016627628356218338,,,
258,,0.0004425048828125,1.592926025390625,14729,0.10200857371091843,0.09878158569335938,0.01706916093826294,,,
258,,0.0004425048828125,1.9811859130859375,14739,0.0962960347533226,0.10119729489088058,0.017523648217320442,,,
258,,0.0004425048828125,1.9811859130859375,14749,0.1152532622218132,0.09815143048763275,0.016612885519862175,,,
258,,0.0004425048828125,1.9811859130859375,14759,0.06863928586244583,0.0940704271197319,0.015319917351007462,,,
258,,,,14762,,,,0.3943590223789215,0.09790978580713272,0.024514667689800262
,0.000125,,,14763,,,,,,
259,,0.0004425048828125,1.62945556640625,14769,0.4016229510307312,0.0941973403096199,0.023122001439332962,,,
259,,0.0004425048828125,1.62945556640625,14779,0.33717718720436096,0.09713931381702423,0.02186630107462406,,,
259,,0.0004425048828125,1.568756103515625,14789,0.44606250524520874,0.09876351058483124,0.025793537497520447,,,
259,,0.0004425048828125,1.798065185546875,14799,0.5148805975914001,0.0968320295214653,0.02901793271303177,,,
259,,0.0004425048828125,1.798065185546875,14809,0.18207916617393494,0.100537970662117,0.01959756575524807,,,
259,,0.0004425048828125,1.888946533203125,14819,0.011908352375030518,0.1030968576669693,0.016464482992887497,,,
259,,,,14819,,,,0.09264077246189117,0.09832500666379929,0.016851162537932396
,0.000125,,,14820,,,,,,
260,,0.0004425048828125,1.6053619384765625,14829,0.14820855855941772,0.09740977734327316,0.017093051224946976,,,
260,,0.0004425048828125,1.639373779296875,14839,0.10777810215950012,0.09985680878162384,0.016711115837097168,,,
260,,0.0004425048828125,1.6732025146484375,14849,0.04776349291205406,0.09776287525892258,0.015359881334006786,,,
260,,0.0004425048828125,1.9190826416015625,14859,0.25756341218948364,0.09681009501218796,0.01873929239809513,,,
260,,0.0004425048828125,1.9190826416015625,14869,0.08746879547834396,0.10303667187690735,0.019215229898691177,,,
260,,,,14876,,,,0.21843662858009338,0.09756972640752792,0.018979620188474655
,0.000125,,,14877,,,,,,
261,,0.0004425048828125,1.63824462890625,14879,0.22571967542171478,0.09858159720897675,0.01814272813498974,,,
261,,0.0004425048828125,1.6385345458984375,14889,0.3896527886390686,0.09688124805688858,0.023072751238942146,,,
261,,0.0004425048828125,1.3827362060546875,14899,0.1622411459684372,0.09799078106880188,0.01819022186100483,,,
261,,0.0004425048828125,1.477935791015625,14909,0.10448639839887619,0.09745857119560242,0.01660960726439953,,,
261,,0.0004425048828125,1.2215728759765625,14919,0.2258457988500595,0.0941777303814888,0.01766989193856716,,,
261,,0.0004425048828125,1.368377685546875,14929,0.22655850648880005,0.09226398915052414,0.016709016636013985,,,
261,,,,14933,,,,0.2698923349380493,0.09671466052532196,0.0200030580163002
,0.000125,,,14934,,,,,,
262,,0.0004425048828125,1.424591064453125,14939,0.07807577401399612,0.09670192748308182,0.016185836866497993,,,
262,,0.0004425048828125,1.567840576171875,14949,0.2279653400182724,0.09810489416122437,0.019262639805674553,,,
262,,0.0004425048828125,1.969207763671875,14959,0.2243174910545349,0.09638319164514542,0.01855253055691719,,,
262,,0.0004425048828125,1.684783935546875,14969,0.10109397768974304,0.09318694472312927,0.015018763020634651,,,
262,,0.0004425048828125,2.0401153564453125,14979,0.14410993456840515,0.0961073562502861,0.017384205013513565,,,
262,,0.0004425048828125,1.6062774658203125,14989,0.08495331555604935,0.10324539244174957,0.01828165352344513,,,
262,,,,14990,,,,0.14574375748634338,0.09670229256153107,0.01725773885846138
,0.000125,,,14991,,,,,,
263,,0.0004425048828125,1.6797332763671875,14999,0.07573705166578293,0.09322554618120193,0.014876068569719791,,,
263,,0.0004425048828125,1.881195068359375,15009,0.1481364667415619,0.0959349051117897,0.017383895814418793,,,
263,,0.0004425048828125,1.5098114013671875,15019,0.39714163541793823,0.09284225851297379,0.023010671138763428,,,
263,,0.0004425048828125,1.5098114013671875,15029,0.09376466274261475,0.09878209978342056,0.017019158229231834,,,
263,,0.0004425048828125,1.914093017578125,15039,0.040726013481616974,0.09052753448486328,0.014059132896363735,,,
263,,,,15047,,,,0.31357327103614807,0.095804862678051,0.020989570766687393
,0.000125,,,15048,,,,,,
264,,0.0004425048828125,1.6345367431640625,15049,0.08140067011117935,0.09676065295934677,0.015915125608444214,,,
264,,0.0004425048828125,1.8130950927734375,15059,0.26175594329833984,0.09575814008712769,0.019262142479419708,,,
264,,0.0004425048828125,1.8461456298828125,15069,0.13479645550251007,0.09243135899305344,0.01557208877056837,,,
264,,0.0004425048828125,1.8497467041015625,15079,0.5567578673362732,0.09060424566268921,0.02981480024755001,,,
264,,0.0004425048828125,1.9164886474609375,15089,0.30180516839027405,0.09746509045362473,0.02042452245950699,,,
264,,0.0004425048828125,1.917510986328125,15099,0.07914510369300842,0.09917391091585159,0.016561338678002357,,,
264,,,,15104,,,,0.14524398744106293,0.09536156803369522,0.016695130616426468
,0.000125,,,15105,,,,,,
265,,0.0004425048828125,1.6549072265625,15109,0.05423831567168236,0.0923929363489151,0.013987544924020767,,,
265,,0.0004425048828125,1.3371124267578125,15119,0.0406031496822834,0.09242282062768936,0.014328614808619022,,,
265,,0.0004425048828125,1.9252777099609375,15129,0.25751250982284546,0.09717699885368347,0.020078562200069427,,,
265,,0.0004425048828125,1.9258270263671875,15139,0.22349756956100464,0.09621436148881912,0.019058572128415108,,,
265,,0.0004425048828125,1.92584228515625,15149,0.1888708770275116,0.09726505726575851,0.018229318782687187,,,
265,,0.0004425048828125,1.40234375,15159,0.23117399215698242,0.09582911431789398,0.018714847043156624,,,
265,,,,15161,,,,0.5320781469345093,0.09499350190162659,0.029930798336863518
,0.000125,,,15162,,,,,,
266,,0.0004425048828125,1.443450927734375,15169,0.24676592648029327,0.09033241122961044,0.01681191846728325,,,
266,,0.0004425048828125,1.867462158203125,15179,0.28568875789642334,0.09777551889419556,0.020140137523412704,,,
266,,0.0004425048828125,1.871307373046875,15189,0.11534199118614197,0.09406152367591858,0.0157147329300642,,,
266,,0.0004425048828125,1.871612548828125,15199,0.1403566151857376,0.09860636293888092,0.01778554357588291,,,
266,,0.0004425048828125,1.86578369140625,15209,0.1061449944972992,0.09390665590763092,0.015004587359726429,,,
266,,,,15218,,,,0.1382255107164383,0.09520074725151062,0.01664978265762329
,0.000125,,,15219,,,,,,
267,,0.0004425048828125,1.59356689453125,15219,0.0900808647274971,0.09699741005897522,0.016018042340874672,,,
267,,0.0004425048828125,1.6747894287109375,15229,0.056548502296209335,0.09975480288267136,0.016520347446203232,,,
267,,0.0004425048828125,1.6748504638671875,15239,0.07102780789136887,0.09457207471132278,0.015875408425927162,,,
267,,0.0004425048828125,1.6749267578125,15249,0.18481102585792542,0.09852370619773865,0.018221372738480568,,,
267,,0.0004425048828125,1.675018310546875,15259,0.1563718318939209,0.09074505418539047,0.015049222856760025,,,
267,,0.0004425048828125,1.675048828125,15269,0.17911694943904877,0.09014679491519928,0.01496903132647276,,,
267,,,,15275,,,,0.4509187936782837,0.09464354068040848,0.025887172669172287
,0.000125,,,15276,,,,,,
268,,0.0004425048828125,1.5954437255859375,15279,0.4875698983669281,0.09475932270288467,0.02752283774316311,,,
268,,0.0004425048828125,1.5954437255859375,15289,0.10214515775442123,0.1006976068019867,0.017214052379131317,,,
268,,0.0004425048828125,1.8304443359375,15299,0.25962239503860474,0.09241635352373123,0.01780177466571331,,,
268,,0.0004425048828125,1.702911376953125,15309,0.12791991233825684,0.09328761696815491,0.015496042557060719,,,
268,,0.0004425048828125,1.7366943359375,15319,0.11870638281106949,0.09525119513273239,0.015689678490161896,,,
268,,0.0004425048828125,1.74188232421875,15329,0.02378089725971222,0.0901460349559784,0.013846328482031822,,,
268,,,,15332,,,,0.09422207623720169,0.09384211152791977,0.015509922057390213
,0.000125,,,15333,,,,,,
269,,0.0004425048828125,1.5942840576171875,15339,0.06445631384849548,0.08710428327322006,0.013156769797205925,,,
269,,0.0004425048828125,1.59429931640625,15349,0.052138738334178925,0.09462515264749527,0.014548571780323982,,,
269,,0.0004425048828125,1.9188385009765625,15359,0.2438918650150299,0.09031142294406891,0.017108934000134468,,,
269,,0.0004425048828125,1.9237060546875,15369,0.3912106156349182,0.0959729477763176,0.02360820397734642,,,
269,,0.0004425048828125,1.9248504638671875,15379,0.16420283913612366,0.09494832903146744,0.016056181862950325,,,
269,,0.0004425048828125,1.9249420166015625,15389,0.05598989129066467,0.0939599871635437,0.015143981203436852,,,
269,,,,15389,,,,0.3998391032218933,0.09332064539194107,0.023316895589232445
,0.000125,,,15390,,,,,,
270,,0.0004425048828125,1.6417388916015625,15399,0.14654532074928284,0.09878227114677429,0.017659155651926994,,,
270,,0.0004425048828125,1.7018890380859375,15409,0.1897668093442917,0.09226082265377045,0.016908040270209312,,,
270,,0.0004425048828125,1.701934814453125,15419,0.40792781114578247,0.09757767617702484,0.024437014013528824,,,
270,,0.0004425048828125,1.8792877197265625,15429,0.1122853010892868,0.089618980884552,0.0144993020221591,,,
270,,0.0004425048828125,1.8706817626953125,15439,0.158651202917099,0.09190324693918228,0.014955921098589897,,,
270,,,,15446,,,,0.31110015511512756,0.09343378990888596,0.020215334370732307
,0.000125,,,15447,,,,,,
271,,0.0004425048828125,1.541259765625,15449,0.18183758854866028,0.09070457518100739,0.01545068621635437,,,
271,,0.0004425048828125,1.90570068359375,15459,0.15167686343193054,0.08973135054111481,0.014357266947627068,,,
271,,0.0004425048828125,1.78314208984375,15469,0.28679516911506653,0.0916225016117096,0.018582846969366074,,,
271,,0.0004425048828125,1.783416748046875,15479,0.20541620254516602,0.091069795191288,0.015723777934908867,,,
271,,0.0004425048828125,1.7843017578125,15489,0.15952977538108826,0.09402485191822052,0.016102265566587448,,,
271,,0.0004425048828125,1.784698486328125,15499,0.12450007349252701,0.08609558641910553,0.013362389989197254,,,
271,,,,15503,,,,0.14386972784996033,0.09237989038228989,0.01590360887348652
,0.000125,,,15504,,,,,,
272,,0.0004425048828125,1.6376495361328125,15509,0.09528113901615143,0.08964580297470093,0.013793451711535454,,,
272,,0.0004425048828125,1.538482666015625,15519,0.12431870400905609,0.0840611457824707,0.012078993022441864,,,
272,,0.0004425048828125,1.53887939453125,15529,0.03798936307430267,0.09055637568235397,0.013700046576559544,,,
272,,0.0004425048828125,1.4029083251953125,15539,0.18866530060768127,0.09332951158285141,0.015615343116223812,,,
272,,0.0004425048828125,1.833099365234375,15549,0.4770149290561676,0.08945527672767639,0.024851711466908455,,,
272,,0.0004425048828125,1.7828826904296875,15559,0.41109082102775574,0.09354547411203384,0.02298160456120968,,,
272,,,,15560,,,,0.3330243229866028,0.09287866950035095,0.020770765841007233
,0.000125,,,15561,,,,,,
273,,0.0004425048828125,1.7546844482421875,15569,0.1677202731370926,0.08773188292980194,0.01399179920554161,,,
273,,0.0004425048828125,1.8798675537109375,15579,0.36382821202278137,0.09215474873781204,0.021044474095106125,,,
273,,0.0004425048828125,1.9503631591796875,15589,0.15190407633781433,0.09043978899717331,0.014673351310193539,,,
273,,0.0004425048828125,1.95111083984375,15599,0.15874755382537842,0.09937809407711029,0.018120482563972473,,,
273,,0.0004425048828125,1.951568603515625,15609,0.2277413010597229,0.08364573121070862,0.014368075877428055,,,
273,,,,15617,,,,0.11047548055648804,0.09196805953979492,0.015217266045510769
,0.000125,,,15618,,,,,,
274,,0.0004425048828125,1.5302734375,15619,0.3610968589782715,0.08868780732154846,0.019694648683071136,,,
274,,0.0004425048828125,1.53033447265625,15629,0.10666534304618835,0.09691539406776428,0.016606781631708145,,,
274,,0.0004425048828125,1.5303802490234375,15639,0.06302796304225922,0.09350395202636719,0.014356005005538464,,,
274,,0.0004425048828125,1.94976806640625,15649,0.5521513223648071,0.09571944922208786,0.03105868212878704,,,
274,,0.0004425048828125,1.951019287109375,15659,0.09431678056716919,0.09158674627542496,0.014832921326160431,,,
274,,0.0004425048828125,1.9510345458984375,15669,0.3270246982574463,0.08969653397798538,0.018847819417715073,,,
274,,,,15674,,,,0.10294786095619202,0.09133153408765793,0.014972682110965252
,0.000125,,,15675,,,,,,
275,,0.0004425048828125,1.6377716064453125,15679,0.07726553082466125,0.09090235829353333,0.013988764956593513,,,
275,,0.0004425048828125,1.9126434326171875,15689,0.08604193478822708,0.09300761669874191,0.015468144789338112,,,
275,,0.0004425048828125,1.9134674072265625,15699,0.14402425289154053,0.09424474835395813,0.016526510939002037,,,
275,,0.0004425048828125,1.95123291015625,15709,0.1985410749912262,0.08594205975532532,0.014257540926337242,,,
275,,0.0004425048828125,1.9421844482421875,15719,0.10413695871829987,0.09113019704818726,0.014652281999588013,,,
275,,0.0004425048828125,1.94842529296875,15729,0.3678397238254547,0.08889444917440414,0.01964404247701168,,,
275,,,,15731,,,,0.5771989226341248,0.09056640416383743,0.031156759709119797
,6.25e-05,,,15732,,,,,,
276,,0.0004425048828125,1.5291290283203125,15739,0.1543157398700714,0.08922875672578812,0.014768870547413826,,,
276,,0.0004425048828125,1.5305023193359375,15749,0.3667549788951874,0.08845686167478561,0.01962944306433201,,,
276,,0.0004425048828125,1.8922271728515625,15759,0.12158573418855667,0.09024768322706223,0.014229428954422474,,,
276,,0.0004425048828125,1.8923187255859375,15769,0.02767655812203884,0.0909261405467987,0.014175310730934143,,,
276,,0.0004425048828125,1.892364501953125,15779,0.2095583826303482,0.09007209539413452,0.015554286539554596,,,
276,,,,15788,,,,0.20895282924175262,0.09039360284805298,0.016524845734238625
,6.25e-05,,,15789,,,,,,
277,,0.0004425048828125,1.500732421875,15789,0.20662376284599304,0.08923087269067764,0.015205939300358295,,,
277,,0.0004425048828125,1.85614013671875,15799,0.1143670603632927,0.08940666913986206,0.013417026959359646,,,
277,,0.0004425048828125,1.8618316650390625,15809,0.0772169977426529,0.0882783755660057,0.013078034855425358,,,
277,,0.0004425048828125,1.929107666015625,15819,0.0675065815448761,0.08625126630067825,0.01260744035243988,,,
277,,0.0004425048828125,1.929229736328125,15829,0.14170518517494202,0.09211167693138123,0.015001878142356873,,,
277,,0.0004425048828125,1.9292449951171875,15839,0.1575828492641449,0.08602584898471832,0.013967437669634819,,,
277,,,,15845,,,,0.21972621977329254,0.09033550322055817,0.016758907586336136
,6.25e-05,,,15846,,,,,,
278,,0.0004425048828125,1.2687225341796875,15849,0.12561503052711487,0.08894180506467819,0.014113581739366055,,,
278,,0.0004425048828125,1.7545013427734375,15859,0.07141190767288208,0.08976510912179947,0.013662048615515232,,,
278,,0.0004425048828125,1.7545013427734375,15869,0.16831406950950623,0.08653868734836578,0.014201241545379162,,,
278,,0.0004425048828125,1.7545013427734375,15879,0.0561576746404171,0.09173455089330673,0.013879295438528061,,,
278,,0.0004425048828125,1.75469970703125,15889,0.06929312646389008,0.08228573948144913,0.011319912038743496,,,
278,,0.0004425048828125,1.2867279052734375,15899,0.3198378384113312,0.09245891869068146,0.019241884350776672,,,
278,,,,15902,,,,0.09904182702302933,0.0897664949297905,0.014337212778627872
,6.25e-05,,,15903,,,,,,
279,,0.0004425048828125,1.6125030517578125,15909,0.07039844244718552,0.08522254973649979,0.012649702839553356,,,
279,,0.0004425048828125,1.5666961669921875,15919,0.19374202191829681,0.08995512127876282,0.015895511955022812,,,
279,,0.0004425048828125,1.3851165771484375,15929,0.0534089133143425,0.08810963481664658,0.013406428508460522,,,
279,,0.0004425048828125,1.6967010498046875,15939,0.07266096770763397,0.0871928334236145,0.012820963747799397,,,
279,,0.0004425048828125,1.44580078125,15949,0.07197108864784241,0.08782639354467392,0.01340277586132288,,,
279,,0.0004425048828125,1.9171142578125,15959,0.09938323497772217,0.08780636638402939,0.013614208437502384,,,
279,,,,15959,,,,0.13045939803123474,0.08920667320489883,0.014696359634399414
,6.25e-05,,,15960,,,,,,
280,,0.0004425048828125,1.4583282470703125,15969,0.05954381451010704,0.0894017368555069,0.013075587339699268,,,
280,,0.0004425048828125,1.7080535888671875,15979,0.0471099391579628,0.0823465883731842,0.01128095667809248,,,
280,,0.0004425048828125,1.70904541015625,15989,0.1655600368976593,0.09114561229944229,0.015570439398288727,,,
280,,0.0004425048828125,1.709991455078125,15999,0.08946412056684494,0.089804507791996,0.013890312984585762,,,
280,,0.0004425048828125,1.9122772216796875,16009,0.08356494456529617,0.08620744943618774,0.013021151535212994,,,
280,,,,16016,,,,0.10259184241294861,0.08919329941272736,0.014277642592787743
,6.25e-05,,,16017,,,,,,
281,,0.0004425048828125,1.5413360595703125,16019,0.14137953519821167,0.08735901862382889,0.01386607438325882,,,
281,,0.0004425048828125,1.537384033203125,16029,0.056167714297771454,0.08953966945409775,0.013753469102084637,,,
281,,0.0004425048828125,1.96929931640625,16039,0.0988512858748436,0.08878966420888901,0.013634515926241875,,,
281,,0.0004425048828125,1.96954345703125,16049,0.1147594004869461,0.085455983877182,0.01287010032683611,,,
281,,0.0004425048828125,1.9712066650390625,16059,0.22560863196849823,0.08429621160030365,0.014314350672066212,,,
281,,0.0004425048828125,1.976654052734375,16069,0.1254720836877823,0.08849052339792252,0.01363056804984808,,,
281,,,,16073,,,,0.0885913148522377,0.08912445604801178,0.014035972766578197
,6.25e-05,,,16074,,,,,,
282,,0.0004425048828125,1.7129058837890625,16079,0.05487264320254326,0.08597370982170105,0.012739446945488453,,,
282,,0.0004425048828125,1.34600830078125,16089,0.08405183255672455,0.08947984129190445,0.013711445033550262,,,
282,,0.0004425048828125,1.3461456298828125,16099,0.09199728816747665,0.08915399014949799,0.014282061718404293,,,
282,,0.0004425048828125,1.17315673828125,16109,0.049243517220020294,0.08836397528648376,0.012943554669618607,,,
282,,0.0004425048828125,1.99053955078125,16119,0.12277133762836456,0.08683901280164719,0.01345695462077856,,,
282,,0.0004425048828125,1.9906158447265625,16129,0.03592076525092125,0.08774711191654205,0.012837393209338188,,,
282,,,,16130,,,,0.08837873488664627,0.08847537636756897,0.013863332569599152
,6.25e-05,,,16131,,,,,,
283,,0.0004425048828125,1.7465972900390625,16139,0.044990766793489456,0.08851522207260132,0.013736026361584663,,,
283,,0.0004425048828125,1.746795654296875,16149,0.07973667234182358,0.0935298427939415,0.015579993836581707,,,
283,,0.0004425048828125,1.797088623046875,16159,0.08865474164485931,0.0855175331234932,0.01244304608553648,,,
283,,0.0004425048828125,1.8021087646484375,16169,0.2223944067955017,0.08708596229553223,0.014975590631365776,,,
283,,0.0004425048828125,1.8024139404296875,16179,0.1150607019662857,0.08450518548488617,0.012820146977901459,,,
283,,,,16187,,,,0.12871430814266205,0.08841860294342041,0.014374425634741783
,6.25e-05,,,16188,,,,,,
284,,0.0004425048828125,1.4357147216796875,16189,0.0779646784067154,0.09038253873586655,0.014790878631174564,,,
284,,0.0004425048828125,1.637481689453125,16199,0.06770548224449158,0.08493290841579437,0.011970204301178455,,,
284,,0.0004425048828125,1.6414642333984375,16209,0.25329145789146423,0.0875653326511383,0.016261860728263855,,,
284,,0.0004425048828125,1.64154052734375,16219,0.44991379976272583,0.0868716612458229,0.022876694798469543,,,
284,,0.0004425048828125,1.360595703125,16229,0.33572858572006226,0.09115327894687653,0.020095095038414,,,
284,,0.0004425048828125,1.5608062744140625,16239,0.16942238807678223,0.08890945464372635,0.014663114212453365,,,
284,,,,16244,,,,0.08686642348766327,0.08831561356782913,0.013777239248156548
,6.25e-05,,,16245,,,,,,
285,,0.0004425048828125,1.6160736083984375,16249,0.1828649938106537,0.08297747373580933,0.013757576234638691,,,
285,,0.0004425048828125,1.6160888671875,16259,0.0493917390704155,0.08100362867116928,0.01087038405239582,,,
285,,0.0004425048828125,1.6160888671875,16269,0.1099301427602768,0.08566983789205551,0.01261406671255827,,,
285,,0.0004425048828125,1.350860595703125,16279,0.12538547813892365,0.08156242966651917,0.01238643191754818,,,
285,,0.0004425048828125,1.5149078369140625,16289,0.12678112089633942,0.08754860609769821,0.01411355473101139,,,
285,,0.0004425048828125,1.322509765625,16299,0.1656884253025055,0.08810371160507202,0.014220774173736572,,,
285,,,,16301,,,,0.287404328584671,0.088030606508255,0.01777825877070427
,6.25e-05,,,16302,,,,,,
286,,0.0004425048828125,1.6397552490234375,16309,0.06286195665597916,0.09004467725753784,0.014158784411847591,,,
286,,0.0004425048828125,1.64031982421875,16319,0.07317246496677399,0.08554045110940933,0.012844860553741455,,,
286,,0.0004425048828125,1.644805908203125,16329,0.043979160487651825,0.08534663170576096,0.011807716451585293,,,
286,,0.0004425048828125,1.64495849609375,16339,0.29979240894317627,0.0898408442735672,0.018196232616901398,,,
286,,0.0004425048828125,1.657867431640625,16349,0.09207344800233841,0.08574791252613068,0.012776423245668411,,,
286,,,,16358,,,,0.09678789228200912,0.08765429258346558,0.013702585361897945
,6.25e-05,,,16359,,,,,,
287,,0.0004425048828125,1.44647216796875,16359,0.10821843147277832,0.0849580317735672,0.01281027402728796,,,
287,,0.0004425048828125,1.5408782958984375,16369,0.1238677054643631,0.08607468754053116,0.013634245842695236,,,
287,,0.0004425048828125,1.823974609375,16379,0.235120490193367,0.09150294959545135,0.016950491815805435,,,
287,,0.0004425048828125,1.823974609375,16389,0.10711786150932312,0.0845949724316597,0.012580780312418938,,,
287,,0.0004425048828125,1.8863525390625,16399,0.24661315977573395,0.09031029045581818,0.01727738045156002,,,
287,,0.0004425048828125,1.886566162109375,16409,0.13201230764389038,0.08622420579195023,0.013214532285928726,,,
287,,,,16415,,,,0.08343543857336044,0.08705078065395355,0.013386121951043606
,6.25e-05,,,16416,,,,,,
288,,0.0004425048828125,1.6041717529296875,16419,0.09081665426492691,0.08389341086149216,0.012390860356390476,,,
288,,0.0004425048828125,1.9310302734375,16429,0.07298724353313446,0.08610960841178894,0.012453332543373108,,,
288,,0.0004425048828125,1.9310455322265625,16439,0.24316354095935822,0.08337144553661346,0.014540807344019413,,,
288,,0.0004425048828125,1.9310455322265625,16449,0.09323114156723022,0.0834270566701889,0.012028994038701057,,,
288,,0.0004425048828125,1.931121826171875,16459,0.35132303833961487,0.08689240366220474,0.018787074834108353,,,
288,,0.0004425048828125,1.4633941650390625,16469,0.09110445529222488,0.08259269595146179,0.011885100044310093,,,
288,,,,16472,,,,0.08807113021612167,0.08693438023328781,0.013378104194998741
,6.25e-05,,,16473,,,,,,
289,,0.0004425048828125,1.590484619140625,16479,0.12483889609575272,0.08327537775039673,0.012369286268949509,,,
289,,0.0004425048828125,1.5912628173828125,16489,0.09668221324682236,0.08607163280248642,0.012518180534243584,,,
289,,0.0004425048828125,1.466278076171875,16499,0.08925759792327881,0.08434594422578812,0.012350492179393768,,,
289,,0.0004425048828125,1.0924835205078125,16509,0.03595685213804245,0.08550778031349182,0.01224396750330925,,,
289,,0.0004425048828125,1.5894775390625,16519,0.33529773354530334,0.08899062126874924,0.01850176230072975,,,
289,,0.0004425048828125,1.70098876953125,16529,0.22463580965995789,0.09029482305049896,0.015790019184350967,,,
289,,,,16529,,,,0.2961938977241516,0.08696064352989197,0.017699597403407097
,6.25e-05,,,16530,,,,,,
290,,0.0004425048828125,1.4280242919921875,16539,0.2273065745830536,0.08273942023515701,0.013969476334750652,,,
290,,0.0004425048828125,1.4943695068359375,16549,0.10153311491012573,0.08615779876708984,0.012735854834318161,,,
290,,0.0004425048828125,1.494415283203125,16559,0.16000163555145264,0.08754425495862961,0.014320489019155502,,,
290,,0.0004425048828125,1.560760498046875,16569,0.052187129855155945,0.08172063529491425,0.011162791401147842,,,
290,,0.0004425048828125,1.560882568359375,16579,0.34099334478378296,0.08786896616220474,0.01932210475206375,,,
290,,,,16586,,,,0.09303513169288635,0.08673059195280075,0.013411625288426876
,6.25e-05,,,16587,,,,,,
291,,0.0004425048828125,1.501434326171875,16589,0.057739704847335815,0.08651316910982132,0.01238337904214859,,,
291,,0.0004425048828125,1.556671142578125,16599,0.18285980820655823,0.08677057176828384,0.014469332993030548,,,
291,,0.0004425048828125,1.833160400390625,16609,0.21855714917182922,0.08617750555276871,0.014434250071644783,,,
291,,0.0004425048828125,1.746185302734375,16619,0.06269688904285431,0.08721940964460373,0.012758474797010422,,,
291,,0.0004425048828125,1.7476043701171875,16629,0.07281860709190369,0.09065836668014526,0.013849799521267414,,,
291,,0.0004425048828125,1.747802734375,16639,0.08287172764539719,0.08309733122587204,0.011804350651800632,,,
291,,,,16643,,,,0.38099560141563416,0.0865614265203476,0.020504755899310112
,6.25e-05,,,16644,,,,,,
292,,0.0004425048828125,1.4529876708984375,16649,0.18302883207798004,0.08322355151176453,0.01300524827092886,,,
292,,0.0004425048828125,1.5008087158203125,16659,0.11172231286764145,0.08475340157747269,0.012714255601167679,,,
292,,0.0004425048828125,1.92083740234375,16669,0.12553852796554565,0.08750584721565247,0.013272423297166824,,,
292,,0.0004425048828125,1.9209442138671875,16679,0.1795802116394043,0.08614867180585861,0.014136859215795994,,,
292,,0.0004425048828125,1.9209747314453125,16689,0.09773992002010345,0.08343394845724106,0.01198735460639,,,
292,,0.0004425048828125,1.9210052490234375,16699,0.054423462599515915,0.08574005216360092,0.012499679811298847,,,
292,,,,16700,,,,0.08497844636440277,0.085873082280159,0.013089940883219242
,6.25e-05,,,16701,,,,,,
293,,0.0004425048828125,1.38616943359375,16709,0.04723525419831276,0.0837547779083252,0.011985553428530693,,,
293,,0.0004425048828125,1.7857818603515625,16719,0.21789246797561646,0.08386252820491791,0.014868928119540215,,,
293,,0.0004425048828125,1.78582763671875,16729,0.05049385875463486,0.0856107622385025,0.012745994143188,,,
293,,0.0004425048828125,1.7857513427734375,16739,0.09385494887828827,0.08605646342039108,0.013054423034191132,,,
293,,0.0004425048828125,1.7858123779296875,16749,0.05333692580461502,0.0831293910741806,0.011968199163675308,,,
293,,,,16757,,,,0.08725003153085709,0.0858066976070404,0.013098275288939476
,6.25e-05,,,16758,,,,,,
294,,0.0004425048828125,1.4543914794921875,16759,0.352419912815094,0.08068204671144485,0.016783667728304863,,,
294,,0.0004425048828125,1.7669677734375,16769,0.10981240123510361,0.08674978464841843,0.013621964491903782,,,
294,,0.0004425048828125,1.91888427734375,16779,0.1320972740650177,0.08629857003688812,0.01355038583278656,,,
294,,0.0004425048828125,1.9243316650390625,16789,0.06016150861978531,0.0821416974067688,0.01154510397464037,,,
294,,0.0004425048828125,1.9096832275390625,16799,0.11355789005756378,0.081706702709198,0.011797342449426651,,,
294,,0.0004425048828125,1.9117431640625,16809,0.12475480139255524,0.08432045578956604,0.013055585324764252,,,
294,,,,16814,,,,0.1268128901720047,0.0852118581533432,0.013452575542032719
,6.25e-05,,,16815,,,,,,
295,,0.0004425048828125,1.5888519287109375,16819,0.19303253293037415,0.08145934343338013,0.013247756287455559,,,
295,,0.0004425048828125,1.7486724853515625,16829,0.17555750906467438,0.07567458599805832,0.011124521493911743,,,
295,,0.0004425048828125,1.7487640380859375,16839,0.11872224509716034,0.08759430050849915,0.013594195246696472,,,
295,,0.0004425048828125,1.4079132080078125,16849,0.10671590268611908,0.08402053266763687,0.01255621388554573,,,
295,,0.0004425048828125,1.8872222900390625,16859,0.12283255904912949,0.08253315091133118,0.01225496456027031,,,
295,,0.0004425048828125,1.914703369140625,16869,0.18391670286655426,0.07908076792955399,0.012335583567619324,,,
295,,,,16871,,,,0.23226095736026764,0.08510032296180725,0.015528815798461437
,6.25e-05,,,16872,,,,,,
296,,0.0004425048828125,1.657196044921875,16879,0.19865994155406952,0.0844232589006424,0.013817982748150826,,,
296,,0.0004425048828125,1.5738067626953125,16889,0.21236538887023926,0.08441656082868576,0.014690252020955086,,,
296,,0.0004425048828125,1.9469146728515625,16899,0.04953084886074066,0.08028722554445267,0.010899238288402557,,,
296,,0.0004425048828125,1.947021484375,16909,0.09064888209104538,0.08808507025241852,0.013614257797598839,,,
296,,0.0004425048828125,1.947235107421875,16919,0.053166456520557404,0.08407804369926453,0.011596712283790112,,,
296,,,,16928,,,,0.14329998195171356,0.08500458300113678,0.013671394437551498
,6.25e-05,,,16929,,,,,,
297,,0.0004425048828125,1.39019775390625,16929,0.14652082324028015,0.08277758955955505,0.012822245247662067,,,
297,,0.0004425048828125,1.2188262939453125,16939,0.2628569006919861,0.08354496955871582,0.0149290906265378,,,
297,,0.0004425048828125,1.24072265625,16949,0.05354183912277222,0.08251432329416275,0.011076328344643116,,,
297,,0.0004425048828125,1.785888671875,16959,0.18309786915779114,0.08811193704605103,0.014819175004959106,,,
297,,0.0004425048828125,1.785888671875,16969,0.25913846492767334,0.0877547413110733,0.01619894430041313,,,
297,,0.0004425048828125,1.5791015625,16979,0.04817267507314682,0.08357885479927063,0.012148583307862282,,,
297,,,,16985,,,,0.12242113053798676,0.0844753235578537,0.013226867653429508
