set,index,formula,n_atoms,mean,max,unseen_element_atoms
rot250 valid (held out),0,C60H58F14N2O10,144,0.0018917163631164775,0.010734535902064302,0
rot250 valid (held out),1,C60H58F14N2O10,144,0.0015977249226201517,0.00588457322233471,0
rot250 valid (held out),2,C60H58F14N2O10,144,0.001554689092724428,0.008207376110098252,0
rot250 valid (held out),3,C60H58F14N2O10,144,0.0019564848528628603,0.009865004076906825,0
rot250 valid (held out),4,C60H58F14N2O10,144,0.0014727301610486868,0.00673814837478548,0
rot250 valid (held out),5,C60H58F14N2O10,144,0.0018254413782701653,0.008325506063313726,0
rot250 valid (held out),6,C60H58F14N2O10,144,0.0016170943995602886,0.013562199457908264,0
rot250 valid (held out),7,C60H58F14N2O10,144,0.0018757255949098215,0.011710403412788173,0
rot250 valid (held out),8,C60H58F14N2O10,144,0.001748801160980487,0.007167788076507531,0
rot250 valid (held out),9,C60H58F14N2O10,144,0.0014520845145525997,0.0053390101432506665,0
rot250 valid (held out),10,C60H58F14N2O10,144,0.0014978095428636472,0.0064324945340811235,0
rot250 valid (held out),11,C60H58F14N2O10,144,0.0016732488732676765,0.007410552054890607,0
rot250 valid (held out),12,C60H58F14N2O10,144,0.00189824990877952,0.009969800928590122,0
rot250 valid (held out),13,C60H58F14N2O10,144,0.0018353533897773671,0.010471831412968924,0
rot250 valid (held out),14,C60H58F14N2O10,144,0.0015001338865064538,0.008111561952307889,0
rot250 valid (held out),15,C60H58F14N2O10,144,0.0014811898531205511,0.006654022678859173,0
rot250 valid (held out),16,C60H58F14N2O10,144,0.0017883935812105958,0.0129962710080751,0
rot250 valid (held out),17,C60H58F14N2O10,144,0.0016549958976067236,0.013676283453483595,0
rot250 valid (held out),18,C60H58F14N2O10,144,0.001751656316616013,0.015725499189570447,0
rot250 valid (held out),19,C60H58F14N2O10,144,0.0016218001929206266,0.026581658870606706,0
rot250 valid (held out),20,C60H58F14N2O10,144,0.0016877165891567114,0.011655107148184407,0
rot250 valid (held out),21,C60H58F14N2O10,144,0.0016718732701563668,0.007654849121966789,0
rot250 valid (held out),22,C60H58F14N2O10,144,0.0016203311967095402,0.0063143051748479895,0
rot250 valid (held out),23,C60H58F14N2O10,144,0.001679097697433636,0.018982611119925497,0
rot250 valid (held out),24,C60H58F14N2O10,144,0.001501528164134448,0.007177348549341711,0
rot1 GFN2 MD/normal modes,0,C60H58F14N2O10,144,0.003852186164967898,0.04588073561219219,0
rot1 GFN2 MD/normal modes,1,C60H58F14N2O10,144,0.0037418991220385805,0.04839575338510049,0
rot1 GFN2 MD/normal modes,2,C60H58F14N2O10,144,0.004193225876090199,0.04694041162019824,0
rot1 GFN2 MD/normal modes,3,C60H58F14N2O10,144,0.0013063320932476298,0.008083548565962162,0
rot1 GFN2 MD/normal modes,4,C60H58F14N2O10,144,0.005443125812205385,0.16242175316362062,0
rot1 GFN2 MD/normal modes,5,C60H58F14N2O10,144,0.0025112875304352366,0.01524646489723458,0
rot1 GFN2 MD/normal modes,6,C60H58F14N2O10,144,0.004895297712356839,0.0876267211129188,0
rot1 GFN2 MD/normal modes,7,C60H58F14N2O10,144,0.004131868600686352,0.05108248757799416,0
rot1 GFN2 MD/normal modes,8,C60H58F14N2O10,144,0.002417283298367094,0.009584921928658563,0
rot1 GFN2 MD/normal modes,9,C60H58F14N2O10,144,0.0021362944688589364,0.010239628953788382,0
rot1 GFN2 MD/normal modes,10,C60H58F14N2O10,144,0.002211854504887028,0.013417148795205502,0
rot1 GFN2 MD/normal modes,11,C60H58F14N2O10,144,0.0037224356322750497,0.037489508350278866,0
rot1 GFN2 MD/normal modes,12,C60H58F14N2O10,144,0.002846359863721117,0.02142229543491081,0
rot1 GFN2 MD/normal modes,13,C60H58F14N2O10,144,0.0033490192061832336,0.11480918895815095,0
rot1 GFN2 MD/normal modes,14,C60H58F14N2O10,144,0.004899904161378667,0.08785610977458869,0
rot1 GFN2 MD/normal modes,15,C60H58F14N2O10,144,0.004237219973571445,0.02945468313929478,0
rot1 GFN2 MD/normal modes,16,C60H58F14N2O10,144,0.003977974478082083,0.03197784565520423,0
rot1 GFN2 MD/normal modes,17,C60H58F14N2O10,144,0.0030932365912217583,0.02158233736158066,0
rot1 GFN2 MD/normal modes,18,C60H58F14N2O10,144,0.002213849054715362,0.014844796551703232,0
rot1 GFN2 MD/normal modes,19,C60H58F14N2O10,144,0.002835175909936633,0.07571612847935705,0
rot1 GFN2 MD/normal modes,20,C60H58F14N2O10,144,0.004797393196976522,0.14792628992721335,0
rot1 GFN2 MD/normal modes,21,C60H58F14N2O10,144,0.0048994899255070225,0.08811441516876928,0
rot1 GFN2 MD/normal modes,22,C60H58F14N2O10,144,0.0027459269720836155,0.016167839453878785,0
rot1 GFN2 MD/normal modes,23,C60H58F14N2O10,144,0.004904191435556919,0.08793085421827662,0
rot1 GFN2 MD/normal modes,24,C60H58F14N2O10,144,0.002723062117865337,0.05377267562302124,0
rot1 GFN2 MD/normal modes,25,C60H58F14N2O10,144,0.004896839556505922,0.08749633790821887,0
rot1 GFN2 MD/normal modes,26,C60H58F14N2O10,144,0.0021503225484308594,0.009422122210258843,0
rot1 GFN2 MD/normal modes,27,C60H58F14N2O10,144,0.0023333673317836004,0.01598335620353064,0
rot1 GFN2 MD/normal modes,28,C60H58F14N2O10,144,0.004285291039231142,0.031093790304967284,0
rot1 GFN2 MD/normal modes,29,C60H58F14N2O10,144,0.002780332442761253,0.04379441895628,0
rot1 GFN2 MD/normal modes,30,C60H58F14N2O10,144,0.004494508454696514,0.04338886663053654,0
rot1 GFN2 MD/normal modes,31,C60H58F14N2O10,144,0.003420348633308249,0.017523796312203355,0
rot1 GFN2 MD/normal modes,32,C60H58F14N2O10,144,0.0036564532665784456,0.018912090397636305,0
rot1 GFN2 MD/normal modes,33,C60H58F14N2O10,144,0.002759234961416122,0.02898464624866859,0
rot1 GFN2 MD/normal modes,34,C60H58F14N2O10,144,0.004520998538255935,0.07276523831659854,0
rot1 GFN2 MD/normal modes,35,C60H58F14N2O10,144,0.002886711481823922,0.032720675816972355,0
rot1 GFN2 MD/normal modes,36,C60H58F14N2O10,144,0.002318320756194803,0.009470290864895925,0
rot1 GFN2 MD/normal modes,37,C60H58F14N2O10,144,0.002283066652925901,0.012732648801861313,0
rot1 GFN2 MD/normal modes,38,C60H58F14N2O10,144,0.00463463586054865,0.1552456934481775,0
rot1 GFN2 MD/normal modes,39,C60H58F14N2O10,144,0.0021453676650150483,0.012727743699879057,0
rot1 GFN2 MD/normal modes,40,C60H58F14N2O10,144,0.003842662284220839,0.023501269882236997,0
rot1 GFN2 MD/normal modes,41,C60H58F14N2O10,144,0.006561779055027764,0.1968808320080795,0
rot1 GFN2 MD/normal modes,42,C60H58F14N2O10,144,0.004484834233303736,0.03225274486800389,0
rot1 GFN2 MD/normal modes,43,C60H58F14N2O10,144,0.004008884848506495,0.026904237550531174,0
rot1 GFN2 MD/normal modes,44,C60H58F14N2O10,144,0.004900283294527031,0.08778721128005751,0
rot1 GFN2 MD/normal modes,45,C60H58F14N2O10,144,0.004420108070280257,0.043207356735468605,0
rot1 GFN2 MD/normal modes,46,C60H58F14N2O10,144,0.0038409726141252713,0.08222054219431474,0
rot1 GFN2 MD/normal modes,47,C60H58F14N2O10,144,0.003219706169089049,0.039356761596035184,0
rot1 GFN2 MD/normal modes,48,C60H58F14N2O10,144,0.0025535664722275767,0.02125671782882399,0
rot1 GFN2 MD/normal modes,49,C60H58F14N2O10,144,0.004028380644353156,0.01623497455991496,0
rot1 GFN2 MD/normal modes,50,C60H58F14N2O10,144,0.003361943081390369,0.029272975898854914,0
rot1 GFN2 MD/normal modes,51,C60H58F14N2O10,144,0.003643949716252216,0.025571319557030958,0
rot1 GFN2 MD/normal modes,52,C60H58F14N2O10,144,0.0032312528649791825,0.1035796783265408,0
rot1 GFN2 MD/normal modes,53,C60H58F14N2O10,144,0.003109092202291936,0.015376176095197258,0
rot1 GFN2 MD/normal modes,54,C60H58F14N2O10,144,0.002114614739063232,0.021870389351634656,0
rot1 GFN2 MD/normal modes,55,C60H58F14N2O10,144,0.0038871196867994915,0.0860993036094061,0
rot1 GFN2 MD/normal modes,56,C60H58F14N2O10,144,0.0038526087473815234,0.03113981098342644,0
rot1 GFN2 MD/normal modes,57,C60H58F14N2O10,144,0.0024862025093683737,0.01223131520516696,0
rot1 GFN2 MD/normal modes,58,C60H58F14N2O10,144,0.00412097935539583,0.03302505042077308,0
rot1 GFN2 MD/normal modes,59,C60H58F14N2O10,144,0.004040217398249035,0.02027854476072577,0
rot1 GFN2 MD/normal modes,60,C60H58F14N2O10,144,0.004831766334760728,0.026496747437034673,0
rot1 GFN2 MD/normal modes,61,C60H58F14N2O10,144,0.0037500792675547756,0.016282668314152482,0
rot1 GFN2 MD/normal modes,62,C60H58F14N2O10,144,0.0027254717665457584,0.01321703935796048,0
rot1 GFN2 MD/normal modes,63,C60H58F14N2O10,144,0.004903026574332823,0.08798717818418023,0
rot1 GFN2 MD/normal modes,64,C60H58F14N2O10,144,0.005296728197596326,0.07501270831475093,0
rot1 GFN2 MD/normal modes,65,C60H58F14N2O10,144,0.00204456365525255,0.008199898894145408,0
rot1 GFN2 MD/normal modes,66,C60H58F14N2O10,144,0.004711697450809355,0.12375553147749319,0
rot1 GFN2 MD/normal modes,67,C60H58F14N2O10,144,0.0022633315201416454,0.014760925139853276,0
rot1 GFN2 MD/normal modes,68,C60H58F14N2O10,144,0.0036993892603490314,0.045099762709447266,0
rot1 GFN2 MD/normal modes,69,C60H58F14N2O10,144,0.002629387844195812,0.03042373791930164,0
rot1 GFN2 MD/normal modes,70,C60H58F14N2O10,144,0.005152436974923248,0.08880167536293093,0
rot1 GFN2 MD/normal modes,71,C60H58F14N2O10,144,0.004183004416305365,0.09335833475661426,0
rot1 GFN2 MD/normal modes,72,C60H58F14N2O10,144,0.003862599036636793,0.05495683857988587,0
rot1 GFN2 MD/normal modes,73,C60H58F14N2O10,144,0.0024229648362001175,0.014989840610970862,0
rot1 GFN2 MD/normal modes,74,C60H58F14N2O10,144,0.003818025157236984,0.015277766208344312,0
rot1 GFN2 MD/normal modes,75,C60H58F14N2O10,144,0.0031569073536831063,0.061883463424859175,0
rot1 GFN2 MD/normal modes,76,C60H58F14N2O10,144,0.002578633571715762,0.016422488352943798,0
rot1 GFN2 MD/normal modes,77,C60H58F14N2O10,144,0.003596725226907848,0.19470251683990414,0
rot1 GFN2 MD/normal modes,78,C60H58F14N2O10,144,0.002353908447959687,0.01658517863491138,0
rot1 GFN2 MD/normal modes,79,C60H58F14N2O10,144,0.0022619884022862394,0.01501856056005002,0
rot1 GFN2 MD/normal modes,80,C60H58F14N2O10,144,0.0038439952295575928,0.023477983380417733,0
rot1 GFN2 MD/normal modes,81,C60H58F14N2O10,144,0.0053750816146198935,0.10138065103194505,0
rot1 GFN2 MD/normal modes,82,C60H58F14N2O10,144,0.0037651855570379525,0.03739509221863224,0
rot1 GFN2 MD/normal modes,83,C60H58F14N2O10,144,0.0026071087782866143,0.013189929621345131,0
rot1 GFN2 MD/normal modes,84,C60H58F14N2O10,144,0.003735962894269488,0.030405567007251166,0
rot1 GFN2 MD/normal modes,85,C60H58F14N2O10,144,0.002898590818425227,0.03892923423229466,0
rot1 GFN2 MD/normal modes,86,C60H58F14N2O10,144,0.004090602075053712,0.04099560211881703,0
rot1 GFN2 MD/normal modes,87,C60H58F14N2O10,144,0.004454715765721022,0.027166847258677684,0
rot1 GFN2 MD/normal modes,88,C60H58F14N2O10,144,0.001973106320767849,0.00850323241039408,0
rot1 GFN2 MD/normal modes,89,C60H58F14N2O10,144,0.0027553990165290424,0.020160713229501748,0
rot1 GFN2 MD/normal modes,90,C60H58F14N2O10,144,0.0028140443768181083,0.05188105834157031,0
rot1 GFN2 MD/normal modes,91,C60H58F14N2O10,144,0.0026859333978122677,0.030289913350783237,0
rot1 GFN2 MD/normal modes,92,C60H58F14N2O10,144,0.0035998901340106187,0.04877233256977276,0
rot1 GFN2 MD/normal modes,93,C60H58F14N2O10,144,0.0025678894523561324,0.019189449068062414,0
rot1 GFN2 MD/normal modes,94,C60H58F14N2O10,144,0.002176521113585848,0.022374577234749782,0
rot1 GFN2 MD/normal modes,95,C60H58F14N2O10,144,0.004263372781776447,0.021407680336431922,0
rot1 GFN2 MD/normal modes,96,C60H58F14N2O10,144,0.0038188488956103655,0.020994328391996775,0
rot1 GFN2 MD/normal modes,97,C60H58F14N2O10,144,0.004277558315894521,0.05821522339672336,0
rot1 GFN2 MD/normal modes,98,C60H58F14N2O10,144,0.004314982597704012,0.0674388475460973,0
rot1 GFN2 MD/normal modes,99,C60H58F14N2O10,144,0.0022800149443066627,0.0085122414147899,0
rot1 GFN2 MD/normal modes,100,C60H58F14N2O10,144,0.0026918839089401176,0.019753374209453,0
rot1 GFN2 MD/normal modes,101,C60H58F14N2O10,144,0.0023368803288144205,0.009890382275786536,0
rot1 GFN2 MD/normal modes,102,C60H58F14N2O10,144,0.004899457884577132,0.08796503674081912,0
rot1 GFN2 MD/normal modes,103,C60H58F14N2O10,144,0.0020578625857222196,0.011657172078777256,0
rot1 GFN2 MD/normal modes,104,C60H58F14N2O10,144,0.004525324081423656,0.08855721547886031,0
rot1 GFN2 MD/normal modes,105,C60H58F14N2O10,144,0.0025002863873703376,0.01701755047812703,0
rot1 GFN2 MD/normal modes,106,C60H58F14N2O10,144,0.00489610610287874,0.08778123996427267,0
rot1 GFN2 MD/normal modes,107,C60H58F14N2O10,144,0.002745627612284658,0.028493365481776944,0
rot1 GFN2 MD/normal modes,108,C60H58F14N2O10,144,0.0031859030976037206,0.09458881508077444,0
rot1 GFN2 MD/normal modes,109,C60H58F14N2O10,144,0.0036611936786087405,0.015757331038895206,0
rot1 GFN2 MD/normal modes,110,C60H58F14N2O10,144,0.004933798548182124,0.1065954307043061,0
rot1 GFN2 MD/normal modes,111,C60H58F14N2O10,144,0.004439666961552584,0.046705079212679745,0
rot1 GFN2 MD/normal modes,112,C60H58F14N2O10,144,0.004896738144787573,0.08773614582562228,0
rot1 GFN2 MD/normal modes,113,C60H58F14N2O10,144,0.002864844714959424,0.03527481601090998,0
rot1 GFN2 MD/normal modes,114,C60H58F14N2O10,144,0.003615501476692304,0.016020544363298916,0
rot1 GFN2 MD/normal modes,115,C60H58F14N2O10,144,0.0013063320932476298,0.008083548565962162,0
rot1 GFN2 MD/normal modes,116,C60H58F14N2O10,144,0.0039508698104354185,0.05459187460784032,0
rot1 GFN2 MD/normal modes,117,C60H58F14N2O10,144,0.0017215569348931472,0.009283341627739583,0
rot1 GFN2 MD/normal modes,118,C60H58F14N2O10,144,0.004475366385340165,0.0950626897295691,0
rot1 GFN2 MD/normal modes,119,C60H58F14N2O10,144,0.004072448650990214,0.026732592460838145,0
rot1 GFN2 MD/normal modes,120,C60H58F14N2O10,144,0.004907423243207603,0.08808093350367452,0
rot1 GFN2 MD/normal modes,121,C60H58F14N2O10,144,0.004438155544172577,0.04260458694711233,0
rot1 GFN2 MD/normal modes,122,C60H58F14N2O10,144,0.0019518468316843342,0.008513171559626276,0
rot1 GFN2 MD/normal modes,123,C60H58F14N2O10,144,0.004154352189228647,0.0227840398048218,0
rot1 GFN2 MD/normal modes,124,C60H58F14N2O10,144,0.003036759445806476,0.014576860442538031,0
rot1 GFN2 MD/normal modes,125,C60H58F14N2O10,144,0.002857033303967525,0.02664361642537183,0
rot1 GFN2 MD/normal modes,126,C60H58F14N2O10,144,0.0022255881430114175,0.01382265189351295,0
rot1 GFN2 MD/normal modes,127,C60H58F14N2O10,144,0.0026915738254512647,0.016783575456247646,0
rot1 GFN2 MD/normal modes,128,C60H58F14N2O10,144,0.004051431587335308,0.025809423292339373,0
rot1 GFN2 MD/normal modes,129,C60H58F14N2O10,144,0.0023315035596238004,0.012309854718407509,0
rot1 GFN2 MD/normal modes,130,C60H58F14N2O10,144,0.002529496225750472,0.03694348985741147,0
rot1 GFN2 MD/normal modes,131,C60H58F14N2O10,144,0.004127898811679064,0.037170702191085536,0
rot1 GFN2 MD/normal modes,132,C60H58F14N2O10,144,0.004325547640483613,0.022069752742353566,0
rot1 GFN2 MD/normal modes,133,C60H58F14N2O10,144,0.0022320718818298457,0.013587342071222697,0
rot1 GFN2 MD/normal modes,134,C60H58F14N2O10,144,0.0024588937120822527,0.01551124748838606,0
rot1 GFN2 MD/normal modes,135,C60H58F14N2O10,144,0.002257777008208565,0.013903540822287397,0
rot1 GFN2 MD/normal modes,136,C60H58F14N2O10,144,0.00246997042625677,0.011654139694643684,0
rot1 GFN2 MD/normal modes,137,C60H58F14N2O10,144,0.002619417753909369,0.0456471523874592,0
rot1 GFN2 MD/normal modes,138,C60H58F14N2O10,144,0.0042736329041847525,0.04500485341327343,0
rot1 GFN2 MD/normal modes,139,C60H58F14N2O10,144,0.0034759245580280327,0.05015493976564622,0
rot1 GFN2 MD/normal modes,140,C60H58F14N2O10,144,0.004851238707603048,0.0450326695978962,0
rot1 GFN2 MD/normal modes,141,C60H58F14N2O10,144,0.0023144250573478944,0.008944316583254674,0
rot1 GFN2 MD/normal modes,142,C60H58F14N2O10,144,0.004946212505770235,0.12531668511879857,0
rot1 GFN2 MD/normal modes,143,C60H58F14N2O10,144,0.004114256569626212,0.03244328674901731,0
rot1 GFN2 MD/normal modes,144,C60H58F14N2O10,144,0.0026872233190808454,0.02925185885169468,0
rot1 GFN2 MD/normal modes,145,C60H58F14N2O10,144,0.0021191380846038643,0.01231668712302203,0
rot1 GFN2 MD/normal modes,146,C60H58F14N2O10,144,0.003914300204092451,0.025812245099434916,0
rot1 GFN2 MD/normal modes,147,C60H58F14N2O10,144,0.0038321969206039173,0.03302574986314899,0
rot1 GFN2 MD/normal modes,148,C60H58F14N2O10,144,0.0033036061377516596,0.012272016316832612,0
rot1 GFN2 MD/normal modes,149,C60H58F14N2O10,144,0.004375897689043155,0.0400435023425012,0
rot1 GFN2 MD/normal modes,150,C60H58F14N2O10,144,0.002427413748017292,0.08817467994141581,0
rot1 GFN2 MD/normal modes,151,C60H58F14N2O10,144,0.004021359618223499,0.04520079920909015,0
rot1 GFN2 MD/normal modes,152,C60H58F14N2O10,144,0.0025454402148971,0.017509832776765655,0
rot1 GFN2 MD/normal modes,153,C60H58F14N2O10,144,0.0024904713634573156,0.011839930006609989,0
rot1 GFN2 MD/normal modes,154,C60H58F14N2O10,144,0.004480460961880957,0.031224308842861315,0
rot1 GFN2 MD/normal modes,155,C60H58F14N2O10,144,0.002654514789407061,0.02400736063932507,0
rot1 GFN2 MD/normal modes,156,C60H58F14N2O10,144,0.0020211373734788703,0.007774439093519936,0
rot1 GFN2 MD/normal modes,157,C60H58F14N2O10,144,0.00523198423957633,0.16352749371164643,0
rot1 GFN2 MD/normal modes,158,C60H58F14N2O10,144,0.0037851334739747097,0.018876082756942858,0
rot1 GFN2 MD/normal modes,159,C60H58F14N2O10,144,0.004524775807913908,0.056349638820056835,0
rot1 GFN2 MD/normal modes,160,C60H58F14N2O10,144,0.0025804974118346625,0.016604736809179288,0
rot1 GFN2 MD/normal modes,161,C60H58F14N2O10,144,0.004541141028011327,0.056703188760004686,0
rot1 GFN2 MD/normal modes,162,C60H58F14N2O10,144,0.003653495114091941,0.017479254506964748,0
rot1 GFN2 MD/normal modes,163,C60H58F14N2O10,144,0.004899222383073343,0.08784508234066024,0
rot1 GFN2 MD/normal modes,164,C60H58F14N2O10,144,0.004350756074921487,0.04136098977581959,0
rot1 GFN2 MD/normal modes,165,C60H58F14N2O10,144,0.0041724129571460815,0.03066396001083338,0
rot1 GFN2 MD/normal modes,166,C60H58F14N2O10,144,0.0042917672744321326,0.0641049260267269,0
rot1 GFN2 MD/normal modes,167,C60H58F14N2O10,144,0.002708066782603578,0.03308939857795312,0
rot1 GFN2 MD/normal modes,168,C60H58F14N2O10,144,0.004899869628496015,0.08786235287412614,0
rot1 GFN2 MD/normal modes,169,C60H58F14N2O10,144,0.0022791434994785024,0.010049651686173888,0
rot1 GFN2 MD/normal modes,170,C60H58F14N2O10,144,0.004899610017845352,0.08784839575547765,0
rot1 GFN2 MD/normal modes,171,C60H58F14N2O10,144,0.002481053270481102,0.012795102049463991,0
rot1 GFN2 MD/normal modes,172,C60H58F14N2O10,144,0.004062191970486505,0.05732402686886773,0
rot1 GFN2 MD/normal modes,173,C60H58F14N2O10,144,0.004081230598008563,0.034754141187161025,0
rot1 GFN2 MD/normal modes,174,C60H58F14N2O10,144,0.002644485169203179,0.01754340771031515,0
rot1 GFN2 MD/normal modes,175,C60H58F14N2O10,144,0.0028618659425926046,0.04217566039230636,0
rot1 GFN2 MD/normal modes,176,C60H58F14N2O10,144,0.002580862172593638,0.023764690052008763,0
rot1 GFN2 MD/normal modes,177,C60H58F14N2O10,144,0.0026519180797477493,0.01717514752379734,0
rot1 GFN2 MD/normal modes,178,C60H58F14N2O10,144,0.0042067855499929,0.03874472021534969,0
rot1 GFN2 MD/normal modes,179,C60H58F14N2O10,144,0.0023830499985809275,0.029642994517467436,0
rot1 GFN2 MD/normal modes,180,C60H58F14N2O10,144,0.002774772351351964,0.015951584153282017,0
rot1 GFN2 MD/normal modes,181,C60H58F14N2O10,144,0.002353908447959687,0.01658517863491138,0
rot1 GFN2 MD/normal modes,182,C60H58F14N2O10,144,0.002755964001892165,0.013860774796194741,0
rot1 GFN2 MD/normal modes,183,C60H58F14N2O10,144,0.0033955468100560146,0.03286267517547281,0
rot1 GFN2 MD/normal modes,184,C60H58F14N2O10,144,0.00489975296715198,0.08786032658456444,0
rot1 GFN2 MD/normal modes,185,C60H58F14N2O10,144,0.0035606766078752645,0.014916666636341724,0
rot1 GFN2 MD/normal modes,186,C60H58F14N2O10,144,0.002470746307520707,0.017206252445392978,0
rot1 GFN2 MD/normal modes,187,C60H58F14N2O10,144,0.004899839733243138,0.08785670977567483,0
rot1 GFN2 MD/normal modes,188,C60H58F14N2O10,144,0.0030576577753865636,0.050146932399519506,0
rot1 GFN2 MD/normal modes,189,C60H58F14N2O10,144,0.002406765129985027,0.05952910526726474,0
rot1 GFN2 MD/normal modes,190,C60H58F14N2O10,144,0.0022043754966201345,0.01207983847102867,0
rot1 GFN2 MD/normal modes,191,C60H58F14N2O10,144,0.0027437471789149657,0.04243798214673977,0
rot1 GFN2 MD/normal modes,192,C60H58F14N2O10,144,0.0024305091460026015,0.018639048006729775,0
rot1 GFN2 MD/normal modes,193,C60H58F14N2O10,144,0.0025869407211912177,0.03936503951967474,0
rot1 GFN2 MD/normal modes,194,C60H58F14N2O10,144,0.002030047035021761,0.0070496316408112936,0
rot1 GFN2 MD/normal modes,195,C60H58F14N2O10,144,0.0028155617545505265,0.018473247535494508,0
rot1 GFN2 MD/normal modes,196,C60H58F14N2O10,144,0.0039021613346476173,0.03559488617064588,0
rot1 GFN2 MD/normal modes,197,C60H58F14N2O10,144,0.004900235412303785,0.08789004285071478,0
rot1 GFN2 MD/normal modes,198,C60H58F14N2O10,144,0.0048967258130900625,0.08770496577704301,0
rot1 GFN2 MD/normal modes,199,C60H58F14N2O10,144,0.00541211850878392,0.14621375993322683,0
rot1 GFN2 MD/normal modes,200,C60H58F14N2O10,144,0.0025899341413204843,0.019532793406882965,0
rot1 GFN2 MD/normal modes,201,C60H58F14N2O10,144,0.004897730655694839,0.08761457459108735,0
rot1 GFN2 MD/normal modes,202,C60H58F14N2O10,144,0.00330860286938537,0.020170932909587824,0
rot1 GFN2 MD/normal modes,203,C60H58F14N2O10,144,0.003656795123119586,0.029687118205411145,0
rot1 GFN2 MD/normal modes,204,C60H58F14N2O10,144,0.0027308476386527056,0.01684875277246134,0
rot1 GFN2 MD/normal modes,205,C60H58F14N2O10,144,0.0024220530016785934,0.00789012700080094,0
rot1 GFN2 MD/normal modes,206,C60H58F14N2O10,144,0.0022561953195828674,0.01667781286703085,0
rot1 GFN2 MD/normal modes,207,C60H58F14N2O10,144,0.0039128277034097495,0.026166337988129063,0
rot1 GFN2 MD/normal modes,208,C60H58F14N2O10,144,0.0026508672639288006,0.03080049795339035,0
rot1 GFN2 MD/normal modes,209,C60H58F14N2O10,144,0.00254982808922196,0.015167588350249117,0
rot1 GFN2 MD/normal modes,210,C60H58F14N2O10,144,0.003850034289721765,0.025562382604597755,0
rot1 GFN2 MD/normal modes,211,C60H58F14N2O10,144,0.00321290436108034,0.019694254780255105,0
rot1 GFN2 MD/normal modes,212,C60H58F14N2O10,144,0.004103338911944406,0.0356175588654255,0
rot1 GFN2 MD/normal modes,213,C60H58F14N2O10,144,0.0026853079822176107,0.026699177914576766,0
rot1 GFN2 MD/normal modes,214,C60H58F14N2O10,144,0.0046122790870357575,0.03155068386190929,0
rot1 GFN2 MD/normal modes,215,C60H58F14N2O10,144,0.0024126811406627543,0.012080774100720504,0
rot1 GFN2 MD/normal modes,216,C60H58F14N2O10,144,0.004964919815931157,0.13526958837557035,0
rot1 GFN2 MD/normal modes,217,C60H58F14N2O10,144,0.003249299100704905,0.1429033531358025,0
rot1 GFN2 MD/normal modes,218,C60H58F14N2O10,144,0.004184743652397853,0.03863406749484266,0
rot1 GFN2 MD/normal modes,219,C60H58F14N2O10,144,0.00394246090656981,0.0744890999812553,0
rot1 GFN2 MD/normal modes,220,C60H58F14N2O10,144,0.002308518039272229,0.009562694576621178,0
bench whole: dimer,0,C52H54F6N2O14,128,0.005252202711967848,0.031135283620828957,0
bench whole: dimer,1,C52H54F6N2O14,128,0.0051810143909475715,0.029387721029244807,0
bench whole: dimer,2,C52H54F6N2O14,128,0.00501068077987269,0.031038355869807188,0
bench whole: dimer,3,C52H54F6N2O14,128,0.004687467674412989,0.027763942451791812,0
bench whole: rod,0,C28H22F6N2O6,64,0.005009152136167204,0.03126452500742516,0
bench whole: rod,1,C28H22F6N2O6,64,0.004691810203486153,0.030028080880701524,0
bench whole: rod,2,C28H22F6N2O6,64,0.004847231546806883,0.031026686357991884,0
bench whole: rod,3,C28H22F6N2O6,64,0.004444720245402307,0.03075692769278071,0
bench whole: wheel,0,C24H32O8,64,0.004272700612482068,0.021055785693229967,0
bench whole: wheel,1,C24H32O8,64,0.004322786043753763,0.018254012481525805,0
bench whole: wheel,2,C24H32O8,64,0.004082632494341074,0.0200834310064002,0
bench whole: wheel,3,C24H32O8,64,0.003893361126513676,0.017780185507144552,0
bench stacking: dimer,0,C16H17NO5,39,0.010061828761585843,0.03787669475988342,0
bench stacking: dimer,1,C16H15F2NO5,39,0.010249183878064838,0.039283866500719355,0
bench stacking: dimer,2,C16H13F4NO5,39,0.010884821135267283,0.03910354550366513,0
bench stacking: dimer,3,C17H17F6NO2,43,0.0071934614492846875,0.025971238452112022,0
bench stacking: dimer,4,C17H17F6NO2,43,0.007450132906394098,0.04292798779455842,0
bench stacking: dimer,5,C14H11F5O3,33,0.010720642904515501,0.05155874463677235,0
bench stacking: dimer,6,C14H11F5O3,33,0.011023181810983614,0.035820530082420365,0
bench stacking: rod,0,C8H7NO3,19,0.008580040198657931,0.03825670764908562,0
bench stacking: rod,1,C8H5F2NO3,19,0.009145149723346978,0.039508677129297065,0
bench stacking: rod,2,C8H3F4NO3,19,0.01067870212210226,0.03941277970087442,0
bench stacking: rod,3,C9H7F6N,23,0.0031679584017424,0.02312541504612331,0
bench stacking: rod,4,C9H7F6N,23,0.002555308937777894,0.016913972509985276,0
bench stacking: rod,5,C6HF5O,13,0.010510271247016166,0.05182193950227343,0
bench stacking: rod,6,C6HF5O,13,0.009943967663232809,0.036343919139590675,0
bench stacking: wheel,0,C8H10O2,20,0.01147535267494203,0.03237195094591072,0
bench stacking: wheel,1,C8H10O2,20,0.01147535267494203,0.03237195094591072,0
bench stacking: wheel,2,C8H10O2,20,0.01147535267494203,0.03237195094591072,0
bench stacking: wheel,3,C8H10O2,20,0.010361957798866766,0.02634638353607366,0
bench stacking: wheel,4,C8H10O2,20,0.012580668263777267,0.0423066192440994,0
bench stacking: wheel,5,C8H10O2,20,0.010408416731855358,0.02649503040646628,0
bench stacking: wheel,6,C8H10O2,20,0.011414900200298405,0.02890408529744093,0
dethread1 (112-atom system),0,C47H42F11NO11,112,0.004210340481485048,0.023234086475057536,0
dethread1 (112-atom system),1,C47H42F11NO11,112,0.004498996788040928,0.02331555531300633,0
dethread1 (112-atom system),2,C47H42F11NO11,112,0.004515195361810475,0.023636361990513888,0
dethread1 (112-atom system),3,C47H42F11NO11,112,0.004463627473198793,0.023115224015265445,0
dethread1 (112-atom system),4,C47H42F11NO11,112,0.004254456251045531,0.02665224630864893,0
dethread1 (112-atom system),5,C47H42F11NO11,112,0.0038905085766415,0.023291530633487323,0
dethread1 (112-atom system),6,C47H42F11NO11,112,0.004337293022882101,0.026198063138108574,0
dethread1 (112-atom system),7,C47H42F11NO11,112,0.004123563353111739,0.021753754070098164,0
dethread1 (112-atom system),8,C47H42F11NO11,112,0.004260342139999644,0.023982111249971627,0
dethread1 (112-atom system),9,C47H42F11NO11,112,0.0039262316489974665,0.022035149609984872,0
S66 dimers,0,H4O2,6,0.060798315368561506,0.1468810203912242,0
S66 dimers,1,CH6O2,9,0.04391501098449094,0.16576665026284954,0
S66 dimers,2,CH7NO,10,0.045379101224302235,0.22612094421042905,0
S66 dimers,3,C3H9NO2,15,0.03046843274618834,0.2105899371307588,0
S66 dimers,4,C2H8O2,12,0.02190571999333134,0.054078442864138654,0
S66 dimers,5,C2H9NO,13,0.022335587457682212,0.0907638987663213,0
S66 dimers,6,C4H11NO2,18,0.015990643086225633,0.06512045789995213,0
S66 dimers,7,CH6O2,9,0.028218416880536515,0.04776926332911269,0
S66 dimers,8,C2H9NO,13,0.019218186497960595,0.04379824029385149,0
S66 dimers,9,C2H10N2,14,0.01796002539857886,0.029413406428665523,0
S66 dimers,10,C4H12N2O,19,0.013926429124489317,0.02656715498829021,0
S66 dimers,11,CH7NO,10,0.04676018586495162,0.2264951096805773,0
S66 dimers,12,C4H11NO2,18,0.014345378208600249,0.041275927483399144,0
S66 dimers,13,C4H12N2O,19,0.014589418443743648,0.02504501324830133,0
S66 dimers,14,C6H14N2O2,24,0.01129433194609874,0.020046194484048763,0
S66 dimers,15,C3H9NO2,15,0.01752667781733327,0.044913535887531,0
S66 dimers,16,C8H8N4O4,24,0.014205350639530429,0.047690988081389496,0
S66 dimers,17,C5H7NO,14,0.031076958240177508,0.23725258442089348,0
S66 dimers,18,C6H9NO,17,0.015824287474724426,0.10423798524546868,0
S66 dimers,19,C4H8O4,16,0.026598571454637884,0.0767998529471503,0
S66 dimers,20,C4H10N2O2,18,0.02241082225934049,0.09496731499808897,0
S66 dimers,21,C6H8N2O4,20,0.019604636641494942,0.08471257224866491,0
S66 dimers,22,C6H9N3O3,21,0.017766083731945596,0.09776805565191582,0
S66 dimers,23,C12H12,24,0.0027650386430698817,0.0036885352617941347,0
S66 dimers,24,C10H10N2,22,0.007158853662299211,0.013349923335778002,0
S66 dimers,25,C8H8N4O4,24,0.012303154090987761,0.02916255373576737,0
S66 dimers,26,C11H11N,23,0.004904089620962304,0.013305111406921033,0
S66 dimers,27,C10H10N2O2,24,0.007488340606845061,0.027695878314001443,0
S66 dimers,28,C9H9N3O2,23,0.009672366876326985,0.028460324932130243,0
S66 dimers,29,C8H10,18,0.005881788448013964,0.023622731760211235,0
S66 dimers,30,C6H8N2O2,18,0.011835436904886452,0.02491874782068937,0
S66 dimers,31,C6H6N2O2,16,0.02426459330008584,0.08868360874930181,0
S66 dimers,32,C7H9N,17,0.008959674571698453,0.023904182435775412,0
S66 dimers,33,C10H24,34,0.012259648139588053,0.019835751244537625,0
S66 dimers,34,C10H24,34,0.01485136993788931,0.03942910669565014,0
S66 dimers,35,C10H24,34,0.017466880948385596,0.03947303670636926,0
S66 dimers,36,C10H22,32,0.017232632966348038,0.0395412174389379,0
S66 dimers,37,C10H20,30,0.016811980520595918,0.02795183056213202,0
S66 dimers,38,C11H16,27,0.009844490858924462,0.024566936103130987,0
S66 dimers,39,C11H18,29,0.011242888126470322,0.04033463791863279,0
S66 dimers,40,C9H16N2O2,29,0.011426929191048285,0.02410340819539125,0
S66 dimers,41,C9H14N2O2,27,0.013752045573992107,0.02539398003623361,0
S66 dimers,42,C9H16N2O2,29,0.014668729324930891,0.03952757792220074,0
S66 dimers,43,C7H16,23,0.011544673089237128,0.02216612079783431,0
S66 dimers,44,C7H14,21,0.019779226849072466,0.08260319177573117,0
S66 dimers,45,C8H19NO,29,0.011295899355246074,0.017429937613114954,0
S66 dimers,46,C12H12,24,0.0031584250582666292,0.01419590571637619,0
S66 dimers,47,C10H10N2,22,0.007536983850198475,0.013820636646182827,0
S66 dimers,48,C11H11N,23,0.005487068084428366,0.018023940721115128,0
S66 dimers,49,C8H8,16,0.018152695065239824,0.09558100925316637,0
S66 dimers,50,C4H4,8,0.06105214783843346,0.08966839079127653,0
S66 dimers,51,C8H10O2,20,0.010877868124994805,0.05251508807523031,0
S66 dimers,52,C8H11NO,21,0.007211346857418062,0.024938312662891593,0
S66 dimers,53,C6H8O,15,0.012253197983010715,0.06411277238500024,0
S66 dimers,54,C7H10O,18,0.0099568257836523,0.05222227361250564,0
S66 dimers,55,C7H11N,19,0.008966976128116472,0.034333363103211334,0
S66 dimers,56,C9H13NO,24,0.007963777210320397,0.02764020942297074,0
S66 dimers,57,C10H10N2,22,0.0073225798981859805,0.014039589723011447,0
S66 dimers,58,C2H4O,7,0.055027526646584946,0.082408930795555,0
S66 dimers,59,C4H6O2,12,0.034134546569948604,0.08395656733445922,0
S66 dimers,60,C7H16O2,25,0.014990526129040642,0.06505667799659975,0
S66 dimers,61,C7H17NO,26,0.01166671876604388,0.02492270727213397,0
S66 dimers,62,C8H10O2,20,0.011386247915002857,0.06850532978679658,0
S66 dimers,63,C5H11NO,18,0.011339580890867186,0.023670638906394315,0
S66 dimers,64,C7H7N,15,0.02485523587178741,0.09479981660489467,0
S66 dimers,65,C6H10N2,18,0.011508963568050498,0.02119693699384606,0
S66 monomers,0,H2O,3,0.04397871293105556,0.04746602425172752,0
S66 monomers,1,H2O,3,0.04387163827899406,0.047203048346513565,0
S66 monomers,2,H2O,3,0.04380164073756376,0.0472220749671346,0
S66 monomers,3,CH4O,6,0.023089361189041795,0.04610694674821203,0
S66 monomers,4,H2O,3,0.04345450597090291,0.046777716964467975,0
S66 monomers,5,CH5N,7,0.017641104229891878,0.02134160839102095,0
S66 monomers,6,H2O,3,0.0435005449836556,0.04682591298668026,0
S66 monomers,7,C3H7NO,12,0.010904464721334975,0.021634418661205634,0
S66 monomers,8,CH4O,6,0.023402175055853996,0.048318128927612114,0
S66 monomers,9,CH4O,6,0.02301307895405517,0.04569079638724283,0
S66 monomers,10,CH4O,6,0.023522106773186613,0.049344618702666265,0
S66 monomers,11,CH5N,7,0.017595528805466998,0.021264687946876526,0
S66 monomers,12,CH4O,6,0.023569284732560685,0.049526688983361766,0
S66 monomers,13,C3H7NO,12,0.01091277889959095,0.02171263011887503,0
S66 monomers,14,CH4O,6,0.02344716711500683,0.048484937659300065,0
S66 monomers,15,H2O,3,0.043768333309830286,0.04705120820097253,0
S66 monomers,16,CH5N,7,0.017669611230946076,0.02116307440488563,0
S66 monomers,17,CH4O,6,0.023242507518845268,0.04688273792250963,0
S66 monomers,18,CH5N,7,0.017577123179984992,0.0209452058476155,0
S66 monomers,19,CH5N,7,0.01765136218583436,0.02150716600186353,0
S66 monomers,20,CH5N,7,0.017520331491299057,0.02106980742409148,0
S66 monomers,21,C3H7NO,12,0.010799876671520742,0.021726115606163887,0
S66 monomers,22,CH5N,7,0.017580537103667058,0.0212265590162124,0
S66 monomers,23,H2O,3,0.04334761058680936,0.04662010850797926,0
S66 monomers,24,C3H7NO,12,0.010834574506773192,0.02180142395772544,0
S66 monomers,25,CH4O,6,0.022898632988297824,0.045103703635226644,0
S66 monomers,26,C3H7NO,12,0.010837010503582758,0.021932160270369705,0
S66 monomers,27,CH5N,7,0.017715230420433627,0.02150603411052987,0
S66 monomers,28,C3H7NO,12,0.010817329898686612,0.021621212122958422,0
S66 monomers,29,C3H7NO,12,0.010884416033685848,0.02160219321746848,0
S66 monomers,30,C3H7NO,12,0.010831583751093554,0.021647854389184817,0
S66 monomers,31,H2O,3,0.04372081261431441,0.04698187538397103,0
S66 monomers,32,C4H4N2O2,12,0.0123102714508532,0.02563927036764657,0
S66 monomers,33,C4H4N2O2,12,0.012186388715403665,0.025776406068334423,0
S66 monomers,34,H2O,3,0.043781606197047185,0.04726276440361055,0
S66 monomers,35,C5H5N,11,0.00707158667677622,0.013282555851479305,0
S66 monomers,36,CH4O,6,0.02371479676285924,0.05036161550614693,0
S66 monomers,37,C5H5N,11,0.007059005374988128,0.0132430897336695,0
S66 monomers,38,C2H4O2,8,0.021265631954741848,0.05408135911906442,0
S66 monomers,39,C2H4O2,8,0.02126260303253119,0.05406565558789733,0
S66 monomers,40,C2H5NO,9,0.012725511819475689,0.02326977274728581,0
S66 monomers,41,C2H5NO,9,0.012725891229926907,0.02327070002047338,0
S66 monomers,42,C2H4O2,8,0.02095921435230305,0.051328925426837424,0
S66 monomers,43,C4H4N2O2,12,0.012189178322646302,0.025582586547780117,0
S66 monomers,44,C2H5NO,9,0.012748783285078521,0.023375616657149156,0
S66 monomers,45,C4H4N2O2,12,0.01215843485466725,0.025819138093803873,0
S66 monomers,46,C6H6,12,0.002566702815967825,0.002927472318814406,0
S66 monomers,47,C6H6,12,0.002566708210962887,0.002927507397268103,0
S66 monomers,48,C5H5N,11,0.007180684122127064,0.01370442403795813,0
S66 monomers,49,C5H5N,11,0.007180359131373049,0.013698750977602536,0
S66 monomers,50,C4H4N2O2,12,0.012228642098803014,0.026348416084366333,0
S66 monomers,51,C4H4N2O2,12,0.012228642153791316,0.026348416337397262,0
S66 monomers,52,C6H6,12,0.0025669012787273293,0.0029252605855253355,0
S66 monomers,53,C5H5N,11,0.007185209935216713,0.013689945239720669,0
S66 monomers,54,C6H6,12,0.0025637259788018987,0.002923838046407279,0
S66 monomers,55,C4H4N2O2,12,0.01231022430395006,0.026738485353784536,0
S66 monomers,56,C5H5N,11,0.0071470880027133124,0.01379162269817824,0
S66 monomers,57,C4H4N2O2,12,0.012278855329860885,0.026557355888238265,0
S66 monomers,58,C6H6,12,0.0025684820184576442,0.0029347879697797508,0
S66 monomers,59,C2H4,6,0.01338488071818067,0.02651582492516613,0
S66 monomers,60,C4H4N2O2,12,0.012307022062262243,0.02648629190401719,0
S66 monomers,61,C2H4,6,0.013239303541687675,0.02622831185181862,0
S66 monomers,62,C4H4N2O2,12,0.012312178203091542,0.026663167470952653,0
S66 monomers,63,C2H2,4,0.06153490490154778,0.08584830896527518,0
S66 monomers,64,C5H5N,11,0.0071937355069905395,0.013620121317827305,0
S66 monomers,65,C2H4,6,0.013351324492363204,0.02642023333923116,0
S66 monomers,66,C5H12,17,0.010497157793309182,0.015844392695461673,0
S66 monomers,67,C5H12,17,0.010496722354892721,0.01584408576658991,0
S66 monomers,68,C5H12,17,0.010497355304999493,0.01584963480038637,0
S66 monomers,69,C5H12,17,0.01645111414724975,0.041595388971905733,0
S66 monomers,70,C5H12,17,0.01645972544940005,0.04157254088410545,0
S66 monomers,71,C5H12,17,0.016459692757284945,0.041572384034523235,0
S66 monomers,72,C5H10,15,0.0148487582035411,0.02452928751785044,0
S66 monomers,73,C5H12,17,0.016451670127928364,0.041535120727291486,0
S66 monomers,74,C5H10,15,0.015044036436117387,0.024903364006927053,0
S66 monomers,75,C5H10,15,0.015031070475515152,0.024876181579831402,0
S66 monomers,76,C6H6,12,0.0025691907965875727,0.0029259373219274742,0
S66 monomers,77,C5H10,15,0.01501846459347933,0.025111783447738567,0
S66 monomers,78,C6H6,12,0.002569359354068481,0.0029266758630258627,0
S66 monomers,79,C5H12,17,0.01640264008421063,0.04147545170681277,0
S66 monomers,80,C4H4N2O2,12,0.012275415734272876,0.02644622633952398,0
S66 monomers,81,C5H12,17,0.010530426727185986,0.01592647287637816,0
S66 monomers,82,C4H4N2O2,12,0.01228599000703077,0.02645902170427794,0
S66 monomers,83,C5H10,15,0.015009794545973043,0.02469785223317167,0
S66 monomers,84,C4H4N2O2,12,0.012289963807803367,0.026589759402507407,0
S66 monomers,85,C5H12,17,0.01638319894883648,0.04146256003256765,0
S66 monomers,86,C2H4,6,0.01336565326105671,0.026476168294587432,0
S66 monomers,87,C5H12,17,0.010518966185103343,0.015848966052456337,0
S66 monomers,88,C2H2,4,0.06170896360672881,0.08625668800435582,0
S66 monomers,89,C5H12,17,0.010519659328928758,0.015861535332654886,0
S66 monomers,90,C3H7NO,12,0.010852623018729598,0.021547250362459525,0
S66 monomers,91,C5H12,17,0.010520273491051446,0.01586585832915377,0
S66 monomers,92,C6H6,12,0.0025695650740897116,0.002925765431331273,0
S66 monomers,93,C6H6,12,0.0025681426387081097,0.002935030256668303,0
S66 monomers,94,C5H5N,11,0.007142268299126352,0.013603044036884615,0
S66 monomers,95,C5H5N,11,0.0071693960735750495,0.013694913848041557,0
S66 monomers,96,C6H6,12,0.002569969585987745,0.0029245475068518934,0
S66 monomers,97,C5H5N,11,0.007169389600673855,0.01360170601855526,0
S66 monomers,98,C6H6,12,0.0025688052731147972,0.0029222922196661116,0
S66 monomers,99,C2H2,4,0.06166982169192137,0.0861236416161516,0
S66 monomers,100,C2H2,4,0.061789997674946556,0.08641878759594757,0
S66 monomers,101,C2H2,4,0.06179349550944596,0.0864209112916946,0
S66 monomers,102,C6H6,12,0.0025659411867153537,0.0029365746299571116,0
S66 monomers,103,C2H4O2,8,0.022892906183121217,0.06156280873669617,0
S66 monomers,104,C6H6,12,0.0025636766970232594,0.0029325122663662606,0
S66 monomers,105,C2H5NO,9,0.012849152734974383,0.023465691263634625,0
S66 monomers,106,C6H6,12,0.002570720458339735,0.002934104404367921,0
S66 monomers,107,H2O,3,0.0450114939723277,0.04893469078863899,0
S66 monomers,108,C6H6,12,0.00257022087688615,0.002931529595666005,0
S66 monomers,109,CH4O,6,0.02349316358093793,0.0486137035201899,0
S66 monomers,110,C6H6,12,0.0025698224444484683,0.002925475679062317,0
S66 monomers,111,CH5N,7,0.01777657719486771,0.02158821479006523,0
S66 monomers,112,C6H6,12,0.0025717206939869786,0.002930099716731749,0
S66 monomers,113,C3H7NO,12,0.010816562527646068,0.021625486562823926,0
S66 monomers,114,C5H5N,11,0.0070743843302869735,0.013506751255517147,0
S66 monomers,115,C5H5N,11,0.00707439852415998,0.013506853459089863,0
S66 monomers,116,C2H2,4,0.06177677569927337,0.08627932042927355,0
S66 monomers,117,H2O,3,0.04395567699757944,0.04732804974947902,0
S66 monomers,118,C2H2,4,0.061400723511794264,0.08558274813065214,0
S66 monomers,119,C2H4O2,8,0.02260185794097637,0.05991571244962268,0
S66 monomers,120,C5H12,17,0.010491179327002982,0.01588196389182095,0
S66 monomers,121,C2H4O2,8,0.02359022877211432,0.06704260340714485,0
S66 monomers,122,C5H12,17,0.010527770202850529,0.01582978132109536,0
S66 monomers,123,C2H5NO,9,0.012807935012220946,0.023612025728884767,0
S66 monomers,124,C6H6,12,0.002568546577346944,0.0029262245020564848,0
S66 monomers,125,C2H4O2,8,0.023872034026339306,0.06966752315836422,0
S66 monomers,126,C3H7NO,12,0.010858143660137895,0.021576434113786958,0
S66 monomers,127,C2H4,6,0.013359986166530391,0.02643218583437934,0
S66 monomers,128,C5H5N,11,0.007110714706376375,0.013440557438011425,0
S66 monomers,129,C2H2,4,0.061816568535668415,0.08611829033790086,0
S66 monomers,130,CH5N,7,0.017575746541256012,0.021225247967441185,0
S66 monomers,131,C5H5N,11,0.0071295203025092905,0.013552698399372565,0
OFF23 test sample,0,C9H14N2OS,27,0.05543610873399527,1.0,1
OFF23 test sample,1,C9H12N2O4S,28,0.08254349762191357,1.0,1
OFF23 test sample,2,C14H19ClO6S2,42,0.11331616619691617,1.0,3
OFF23 test sample,3,C15H13F3N2O2S,36,0.053032431382080365,1.0,1
OFF23 test sample,4,C18H17FN6O3,45,0.030570574837694844,0.26186867741040465,0
OFF23 test sample,5,C9H9F3,21,0.13118858664545324,0.3683592506245127,0
OFF23 test sample,6,C2H8O2,12,0.025654985508919915,0.08468766890311175,0
OFF23 test sample,7,C18H24N4O4,50,0.01400140207811395,0.03523575186685013,0
OFF23 test sample,8,C17H27NO2,47,0.01930881857958626,0.17129758979333587,0
OFF23 test sample,9,C22H17F4N3O2,48,0.008370064411734747,0.029621401885753018,0
OFF23 test sample,10,C22H13Cl2F2NO3,43,0.06959027286686069,1.0,2
OFF23 test sample,11,H4OS2,7,0.31552444970145604,1.0,2
OFF23 test sample,12,C8H5BrN2O2S,19,0.17040739159451698,1.0,2
OFF23 test sample,13,C19H24ClN3O3,50,0.04780822358327233,1.0,1
OFF23 test sample,14,C7H11Cl6O5P,30,0.2693004251339458,1.0,7
OFF23 test sample,15,C13H16Br2N6O5S,43,0.11023521363894016,1.0,3
OFF23 test sample,16,C21H20N6O2S,50,0.0482920315534622,1.0,1
OFF23 test sample,17,C4H8N2S2,16,0.16878524820391294,1.0,2
OFF23 test sample,18,C4H9NO4,18,0.017181930895093924,0.04228954887694636,0
OFF23 test sample,19,C16H18N2O2,38,0.01159746977908224,0.056269590555855786,0
OFF23 test sample,20,C20H21N3,44,0.01680897394306213,0.14002227940903622,0
OFF23 test sample,21,C21H17BrFNO6,47,0.04172028261494658,1.0,1
OFF23 test sample,22,C18H21N3O2,44,0.01035982535896318,0.0689324466432405,0
OFF23 test sample,23,C6H14,20,0.01569820818506958,0.03558358224316427,0
OFF23 test sample,24,C22H17F2N7O,49,0.031418512978564836,0.3002874244052186,0
OFF23 test sample,25,C25H38N2O5S,71,0.03349629998500345,1.0,1
OFF23 test sample,26,C17H27N3O2,49,0.012759275086169966,0.040347732202774766,0
OFF23 test sample,27,C17H25N3O4S,50,0.03726291211915259,1.0,1
OFF23 test sample,28,C16H20N2O4,42,0.014440147492920094,0.0631863187754661,0
OFF23 test sample,29,C2HF3N2,8,0.013319192381019793,0.03283141773869769,0
OFF23 test sample,30,C6H12O2,20,0.013665500386542268,0.028678950923576974,0
OFF23 test sample,31,C13H12BrNO4,31,0.05234551426471594,1.0,1
OFF23 test sample,32,C14H20,34,0.06350809304588559,0.23336947829983,0
OFF23 test sample,33,C19H22N4O5,50,0.012343263238225776,0.05510479857567219,0
OFF23 test sample,34,C18H17NO,37,0.007687128193275547,0.02394358399076779,0
OFF23 test sample,35,C5H11NO3,20,0.013758327234578422,0.02909951580534975,0
OFF23 test sample,36,C20H18Cl2N2O4S,47,0.09732946717278407,1.0,3
OFF23 test sample,37,C9H12N2O2,25,0.012066869081783959,0.08581637125917851,0
OFF23 test sample,38,C11H12N4O4S,32,0.05751637464181143,1.0,1
OFF23 test sample,39,C19H22N2O2,45,0.009415232331023647,0.02673163196531214,0
OFF23 test sample,40,C13H11ClN4O4,33,0.053974661992257054,1.0,1
OFF23 test sample,41,C14H20F3N3O3,43,0.017692963278592027,0.16697973614309192,0
OFF23 test sample,42,C13H16O3S3,35,0.10738357786058716,1.0,3
OFF23 test sample,43,C15H20ClN3O,40,0.04188290639945429,1.0,1
OFF23 test sample,44,C2H8O2,12,0.019131471060856425,0.039507250408017835,0
OFF23 test sample,45,C7H11NO,20,0.020581901534528612,0.06043959771364826,0
OFF23 test sample,46,C6H16O4,26,0.016400793256940358,0.06845895489991671,0
OFF23 test sample,47,C16H29NO3,49,0.02960137711897346,0.16800936816255563,0
OFF23 test sample,48,C11H9NO2S2,25,0.12608505201241918,1.0,2
OFF23 test sample,49,C4H10O3,17,0.019502193299753785,0.10996466608161137,0
OFF23 test sample,50,C6H8ClNO2S,19,0.1214260688883047,1.0,2
OFF23 test sample,51,H6N2,8,0.055534607842368855,0.06097173203921058,0
OFF23 test sample,52,C12H7F2NO3S2,27,0.10524854628999825,1.0,2
OFF23 test sample,53,C15H18N2O2,37,0.012573589183427707,0.041256697811045684,0
OFF23 test sample,54,C16H9BrClFN2O2,32,0.09653142477607501,1.0,2
OFF23 test sample,55,C19H24ClN3O2,49,0.046252698401569925,1.0,1
OFF23 test sample,56,C4H11NO2S,19,0.11460529601809862,1.0,1
OFF23 test sample,57,C13H18BrN7,39,0.04977494595870402,1.0,1
OFF23 test sample,58,C20H20F2N8,50,0.04051512050460646,0.26078441438193367,0
OFF23 test sample,59,C6H18N2,26,0.01752335695894113,0.04651569258698829,0
OFF23 test sample,60,C14H13N3O3S,34,0.06068262261300193,1.0,1
OFF23 test sample,61,C4HN5,10,0.03119394540462004,0.06048259177416415,0
OFF23 test sample,62,C15H16N2O4,37,0.01999592969768421,0.1580405031128721,0
OFF23 test sample,63,C10H13Cl2OPS2,29,0.1939900751264045,1.0,5
OFF23 test sample,64,C4H12S4,20,0.24300295138706787,1.0,4
OFF23 test sample,65,CH4O3,8,0.03571878907557058,0.05946495754932657,0
OFF23 test sample,66,C17H18N4O2,41,0.02531977846522504,0.1651094967385368,0
OFF23 test sample,67,C17H20ClFN4O3S,47,0.06260662275097324,1.0,2
OFF23 test sample,68,C20H22N4,46,0.00959495103819959,0.025875565450607985,0
OFF23 test sample,69,C20H18FN5O3,47,0.012273540423560103,0.1021963287582126,0
OFF23 test sample,70,C15H15F3N2O2,37,0.016094515385573348,0.16223126652252784,0
OFF23 test sample,71,C6H12S4,22,0.32078793717561943,1.0,4
OFF23 test sample,72,C21H24N2S,48,0.03732339337882482,1.0,1
OFF23 test sample,73,C4H10O3,17,0.013770074422067444,0.038540646732282524,0
OFF23 test sample,74,C20H18N8OS,48,0.0441591835673505,1.0,1
OFF23 test sample,75,C9H22N3PS,36,0.0692610001322877,1.0,2
OFF23 test sample,76,C19H21FN4O2,47,0.010967360068178823,0.04491907651981242,0
OFF23 test sample,77,C20H17N5O,43,0.015159802263445123,0.0905267618589598,0
OFF23 test sample,78,C20H25NO3S,50,0.04554850716319881,1.0,1
OFF23 test sample,79,C4H7ClOS2,15,0.27469659557533965,1.0,3
OFF23 test sample,80,C20H16N4,40,0.009609864956496905,0.054612218764657716,0
OFF23 test sample,81,C17H14N6O,38,0.02237507232457552,0.1540521024817374,0
OFF23 test sample,82,C5H16N2O,24,0.01943955178294604,0.06594981344312145,0
OFF23 test sample,83,C13H10Cl2N4O4S,34,0.13103772371190378,1.0,3
OFF23 test sample,84,C5H4N4O2S,16,0.14651817243474963,1.0,1
OFF23 test sample,85,C17H21N5O3,46,0.027275106895994595,0.2094515051437318,0
OFF23 test sample,86,C6I4O2,12,0.5017175036888294,1.0,4
OFF23 test sample,87,C12H13FN5O3P,35,0.0518876287384282,1.0,1
OFF23 test sample,88,C4H12OS2,19,0.16240548442191063,1.0,2
OFF23 test sample,89,C9H14S2,25,0.09972898101625477,1.0,2
OFF23 test sample,90,C16H20N2O7,45,0.01838026609996783,0.07557151473685297,0
OFF23 test sample,91,C16H20F3N5O4S,49,0.05059878512786815,1.0,1
OFF23 test sample,92,C3H8O3S,15,0.1088653012019952,1.0,1
OFF23 test sample,93,C20H20N2O5,47,0.012376663129502924,0.09915741916078213,0
OFF23 test sample,94,C8H16O4,28,0.003531881911735888,0.005910276913117074,0
OFF23 test sample,95,H4OS,6,0.20062496518258055,1.0,1
OFF23 test sample,96,C14H20O,35,0.049148800448384565,0.19688582907242325,0
OFF23 test sample,97,C4H8O4,16,0.02056302729266283,0.04752444657049393,0
OFF23 test sample,98,C23H20N4O2S,50,0.04142155766152491,1.0,1
OFF23 test sample,99,C12Br6Cl2O,21,0.493329536100066,1.0,8
OFF23 test sample,100,C2H8OS,12,0.13780115638863877,1.0,1
OFF23 test sample,101,C15H13ClFN5OS,37,0.0775798816264523,1.0,2
OFF23 test sample,102,C5H9FO2S,18,0.09599818193022817,1.0,1
OFF23 test sample,103,C16H15NO4,36,0.01527109601295591,0.07205977295991639,0
OFF23 test sample,104,C13H23ClO2,39,0.0449370877389038,1.0,1
OFF23 test sample,105,C18H20FN3O5,47,0.024146614772028653,0.3562126309379532,0
OFF23 test sample,106,C4H10OS2,17,0.1595406810719624,1.0,2
OFF23 test sample,107,C20H25N3O2,50,0.014591409831723183,0.082319012895949,0
OFF23 test sample,108,C10H15N3O2,30,0.025387977165260193,0.17300475712826946,0
OFF23 test sample,109,C10H15Br2NS,29,0.15550291799566957,1.0,3
OFF23 test sample,110,C18H23NO7,49,0.024078393835399416,0.33096811840550255,0
OFF23 test sample,111,C15H21NO6S,44,0.043394009519344315,1.0,1
OFF23 test sample,112,C17H21N5S4,47,0.10335205956776787,1.0,4
OFF23 test sample,113,C12H20N4O6,42,0.02004894432702789,0.1549803285519662,0
OFF23 test sample,114,C6H8N4,18,0.048841742873301695,0.25162621209874236,0
OFF23 test sample,115,C11H19ClN6O3,40,0.04100693025479653,1.0,1
OFF23 test sample,116,C22H11F3N2O8,46,0.010575366682360211,0.04019127729441696,0
OFF23 test sample,117,C12H10Cl2N4O3S,32,0.1232434572545763,1.0,3
OFF23 test sample,118,H4O2,6,0.03713486022235165,0.04258985680450322,0
OFF23 test sample,119,C15H13NO5S2,36,0.07731969430572412,1.0,2
OFF23 test sample,120,C2H6O,9,0.023221106420306947,0.05945340735614568,0
OFF23 test sample,121,C4H10OS,16,0.08728909246530696,1.0,1
OFF23 test sample,122,C12H18N4O4,38,0.015417678507671386,0.033148625833528844,0
OFF23 test sample,123,C20H14F3N3O3S,44,0.039909676573716385,1.0,1
OFF23 test sample,124,C3H8O3,14,0.018574136880108585,0.041004490587899456,0
OFF23 test sample,125,C2H9NOS,14,0.1093403200388827,1.0,1
OFF23 test sample,126,C19H23N5,47,0.01009549981339072,0.02776558711963173,0
OFF23 test sample,127,C19H20N6O3,48,0.017807136409095287,0.12274937370486083,0
OFF23 test sample,128,C21H23N5O,50,0.018533352849617338,0.08861596299832963,0
OFF23 test sample,129,C13H25N3O3S2,46,0.07449878776427007,1.0,2
OFF23 test sample,130,C12H19IN2O2S,37,0.08169887670241292,1.0,2
OFF23 test sample,131,C8H4N4O2S2,20,0.20155786964289354,1.0,2
OFF23 test sample,132,C3H10O3,16,0.017706021713057275,0.06952401203525771,0
OFF23 test sample,133,C8H18S2,28,0.11808105901878686,1.0,2
OFF23 test sample,134,C16H25N3O2,46,0.00882153065889604,0.017694415229706606,0
OFF23 test sample,135,C11H19N3O2S2,37,0.07913735967578311,1.0,2
OFF23 test sample,136,CH2S4,7,0.5930562781102979,1.0,4
OFF23 test sample,137,C20H18Cl2N2O6S,49,0.07942044825995527,1.0,3
OFF23 test sample,138,C2H6O,9,0.020861933876180197,0.040029402123015756,0
OFF23 test sample,139,C12H14F5N3O4S,39,0.06419095754909944,1.0,1
OFF23 test sample,140,C11H8O4S5,28,0.2270343467108739,1.0,5
OFF23 test sample,141,C9H19N3,31,0.014066328684925801,0.02994871086394546,0
OFF23 test sample,142,C14H13N9O2,38,0.019790254543240633,0.07371564374480466,0
OFF23 test sample,143,C2H10N2,14,0.01624930119699534,0.03061531267541795,0
OFF23 test sample,144,C4H8O4,16,0.02712128523147641,0.0614291791844771,0
OFF23 test sample,145,C18H22BrFN2O3,47,0.04013242839196469,1.0,1
OFF23 test sample,146,C8H10F2O,21,0.0063967012542569274,0.03743207455976039,0
OFF23 test sample,147,C4H8NO6P,20,0.09759017523420588,1.0,1
OFF23 test sample,148,H4S2,6,0.35852641678149566,1.0,2
OFF23 test sample,149,C14H24N4S,43,0.050745660342333486,1.0,1
OFF23 test sample,150,C8H5BrN2O2S,19,0.16671462670696804,1.0,2
OFF23 test sample,151,C17H20N3O7P,48,0.04122017385518343,1.0,1
OFF23 test sample,152,C4H11P,16,0.08711391251798778,1.0,1
OFF23 test sample,153,C13H15F3N6O3,40,0.019898771098224792,0.07348660200625834,0
OFF23 test sample,154,C17H19N3O4,43,0.017212531426818722,0.19630983162390636,0
OFF23 test sample,155,C14H15N3O3S,36,0.05079319671932558,1.0,1
OFF23 test sample,156,C18H17ClF2N6O2S,47,0.07152378220713693,1.0,2
OFF23 test sample,157,CH6O,8,0.036686174940005034,0.05615692291348884,0
OFF23 test sample,158,C14H29N3,46,0.015841369356319825,0.037331753535050693,0
OFF23 test sample,159,C21H19F2N7O,50,0.014356269123097107,0.052544393983037674,0
OFF23 test sample,160,C7H11F6N,25,0.01025009901591599,0.034836484951068725,0
OFF23 test sample,161,C6H12O4,22,0.0168071516200052,0.034905196125117,0
OFF23 test sample,162,C21H21NO6,49,0.016175406293123237,0.13602926063259502,0
OFF23 test sample,163,C15H22O4,41,0.028296520871220428,0.12589425838835577,0
OFF23 test sample,164,C15H15FN2O4S,38,0.054192524351623625,1.0,1
OFF23 test sample,165,C15H14N2O2S,34,0.06336104670861785,1.0,1
OFF23 test sample,166,C12H16N2,30,0.01828837039773313,0.06357994317291937,0
OFF23 test sample,167,C9H20,29,0.010986654422351035,0.017250449151166025,0
OFF23 test sample,168,C15H18Cl2N2O5S,43,0.09777898599316948,1.0,3
OFF23 test sample,169,C13H8BrClN4OS,29,0.16355967550932315,1.0,3
OFF23 test sample,170,C16H12F3N3O6S2,42,0.07206590254785421,1.0,2
OFF23 test sample,171,C11H15N3O5S,35,0.058239623637054067,1.0,1
OFF23 test sample,172,C5H4N4S,14,0.10800499443678799,1.0,1
OFF23 test sample,173,C13H16Cl3NO3S,37,0.151140718144556,1.0,4
OFF23 test sample,174,C14H9N3O6S3,35,0.1284247998761069,1.0,3
OFF23 test sample,175,H6N2,8,0.05664796991823873,0.06302690338898798,0
OFF23 test sample,176,C18H18Br2N6O,45,0.07994636327780162,1.0,2
OFF23 test sample,177,C3H6O5,14,0.024237398852904928,0.04343149412034697,0
OFF23 test sample,178,C17H17FIN3,39,0.04384018735827628,1.0,1
OFF23 test sample,179,C19H14F2N4O2,41,0.014435846969167207,0.08310965148542016,0
OFF23 test sample,180,C10H5BrN2OS2,21,0.1792725883670738,1.0,3
OFF23 test sample,181,C19H24ClFN4O,50,0.05719930376315645,1.0,1
OFF23 test sample,182,H10O5,15,0.050000856282915715,0.14067111757910933,0
OFF23 test sample,183,C10H13NO,25,0.017280041369890635,0.06373361871485017,0
OFF23 test sample,184,C15H19N3OS,39,0.07396402020861327,1.0,1
OFF23 test sample,185,C9H11Cl3N6O3,32,0.12956305773150936,1.0,3
OFF23 test sample,186,C5H14O2S,22,0.07632173109624683,1.0,1
OFF23 test sample,187,C6H14O,21,0.013674896957050053,0.039437545480607406,0
OFF23 test sample,188,C19H23N5O,48,0.028477422067527222,0.27751948945222304,0
OFF23 test sample,189,C12H17ClN2,32,0.045702790767032084,1.0,1
OFF23 test sample,190,C16H17N3O3S2,41,0.0792127968337198,1.0,2
OFF23 test sample,191,C5H12O2,19,0.02164124449318922,0.05034160883580496,0
OFF23 test sample,192,C8H10N4O4,26,0.021182532340394203,0.1007101938515923,0
OFF23 test sample,193,C21H16N2OS,41,0.03399146470008962,1.0,1
OFF23 test sample,194,C15H24O7S,47,0.04251807397913695,1.0,1
OFF23 test sample,195,C6H14N2O2,24,0.009610455007987804,0.021920940250703458,0
OFF23 test sample,196,C6H7NOS2,17,0.1407773536935417,1.0,2
OFF23 test sample,197,C21H18BrN5O2S,48,0.0733597185574557,1.0,2
OFF23 test sample,198,C4H12O2,18,0.011890266898484318,0.04229009630111091,0
OFF23 test sample,199,CH3F3O,8,0.027995837363291073,0.07068499863782352,0
OFF23 test sample,200,C8H10N2,20,0.030154689678121887,0.08177583664885124,0
OFF23 test sample,201,C4H12O,17,0.013699743458743996,0.03698160715036902,0
OFF23 test sample,202,C6H15NO2,24,0.013671721735039203,0.04189017485391744,0
OFF23 test sample,203,C5H14O,20,0.014013320844754434,0.04071045489010827,0
OFF23 test sample,204,C21H24N2O2,49,0.07095841112794582,0.2575762944151029,0
OFF23 test sample,205,C10H12OS2,25,0.13291126830568215,1.0,2
OFF23 test sample,206,C16H12Cl2N2O3,35,0.08099264555594236,1.0,2
OFF23 test sample,207,C6H11NO3S,22,0.0691978881507573,1.0,1
OFF23 test sample,208,C12H26N2O,41,0.027332117155887542,0.133592307710948,0
OFF23 test sample,209,C5H12F2N2,21,0.020676866180011914,0.04044212318246576,0
OFF23 test sample,210,C10H19NO4S,35,0.05806787568708415,1.0,1
OFF23 test sample,211,C10H5Cl3O2S,21,0.23683631647809428,1.0,4
OFF23 test sample,212,C23H16F3N5O2S,50,0.0462603758832538,1.0,1
OFF23 test sample,213,C8H10O3,21,0.015911651991261565,0.03882316667289054,0
OFF23 test sample,214,C5H14O3,22,0.013658304059811973,0.042292236102772995,0
OFF23 test sample,215,C2H6O,9,0.04895567949763873,0.21582666590227217,0
OFF23 test sample,216,C13H10N2,25,0.005802168883440024,0.025181519146979525,0
OFF23 test sample,217,H4OS,6,0.20076201251179646,1.0,1
OFF23 test sample,218,C4H8N2O,15,0.04822515605325096,0.2574952765261558,0
OFF23 test sample,219,C22H17IN4S2,46,0.09154731501418173,1.0,3
OFF23 test sample,220,C10H15O3PS2,31,0.1236831956611607,1.0,3
OFF23 test sample,221,H5NO,7,0.04919919080543601,0.059762661036237175,0
OFF23 test sample,222,C3H3N5S,12,0.1510808377020462,1.0,1
OFF23 test sample,223,C12H23N5O,41,0.016095481316077038,0.07784205457785098,0
OFF23 test sample,224,C15H16N4O3S3,41,0.12008827671441173,1.0,3
OFF23 test sample,225,C13H10N4O2,29,0.023697429290434956,0.2564915983905788,0
OFF23 test sample,226,C6Cl4INO2,14,0.454361192100062,1.0,5
OFF23 test sample,227,C20H14N4O6S,45,0.0503512042360856,1.0,1
OFF23 test sample,228,C19H12FN5O,38,0.015315251183281779,0.08104192848520009,0
OFF23 test sample,229,C10H18S,29,0.09291390418575286,1.0,1
OFF23 test sample,230,C22H20N4O3S,50,0.050557321503412196,1.0,1
OFF23 test sample,231,C20H19N3OS2,45,0.0678631358310234,1.0,2
OFF23 test sample,232,C16H23NO3,43,0.024331366730925917,0.06293073488939305,0
OFF23 test sample,233,C19H10BrCl2N3OS,37,0.14011846861261285,1.0,4
OFF23 test sample,234,C20H17N5O7S,50,0.0409724880885499,1.0,1
OFF23 test sample,235,C15H21N3OS2,42,0.0645287462638884,1.0,2
OFF23 test sample,236,C8H10O3,21,0.014080667205188614,0.0369893366638977,0
OFF23 test sample,237,H5NO,7,0.12177523450853907,0.30864321012304385,0
OFF23 test sample,238,C9H11NO,22,0.01418699728815767,0.042133347436169255,0
OFF23 test sample,239,C15H14F3NO2S,36,0.04579866739087573,1.0,1
OFF23 test sample,240,C8H12,20,0.020369944730378342,0.11009575802462801,0
OFF23 test sample,241,C4H6S2,12,0.22041375480744566,1.0,2
OFF23 test sample,242,C18H13Cl2N7OS,42,0.11475880105832212,1.0,3
OFF23 test sample,243,C12H16N2O,31,0.020473183441457325,0.08111177426273519,0
OFF23 test sample,244,C20H14O7,41,0.03780006599383718,0.31156363963371725,0
OFF23 test sample,245,C2H9NO,13,0.018025665457009378,0.042137406046658166,0
OFF23 test sample,246,H6N2,8,0.053424526376251086,0.06253889808944102,0
OFF23 test sample,247,C20H19N3,42,0.01080035530394327,0.03525868454168435,0
OFF23 test sample,248,C10H8ClIO2,22,0.11422351908421287,1.0,2
OFF23 test sample,249,C12H22N4O4S,43,0.0473385089374167,1.0,1
OFF23 test sample,250,C7H12N2O2S2,25,0.10744350070931517,1.0,2
OFF23 test sample,251,C4H11N,16,0.012838610681022773,0.020262474560479582,0
OFF23 test sample,252,C4H10N2,16,0.016252670713602972,0.052034265209135344,0
OFF23 test sample,253,C23H23N3O,50,0.01110357007748598,0.04273130278461457,0
OFF23 test sample,254,C18H21NOS,42,0.05293852850386618,1.0,1
OFF23 test sample,255,C11H18N2O2,33,0.017924381462915976,0.04196269477503578,0
OFF23 test sample,256,C5H12O,18,0.015280432236506214,0.03647638478811266,0
OFF23 test sample,257,C19H23N5,47,0.010903819758836869,0.027404021259856304,0
OFF23 test sample,258,C5H12OS,19,0.0861304214345878,1.0,1
OFF23 test sample,259,C2H6O,9,0.021917199014427433,0.04122765713944576,0
OFF23 test sample,260,C6H16S4,26,0.18742282435168148,1.0,4
OFF23 test sample,261,C12H11ClN2O2S,29,0.11578388874454491,1.0,2
OFF23 test sample,262,C23H23N3O,50,0.01297011856347253,0.07880661201583483,0
OFF23 test sample,263,C14H22O4S,41,0.051638547217332326,1.0,1
OFF23 test sample,264,C7H14N2,23,0.014815874593075897,0.02599961170417253,0
OFF23 test sample,265,C11H13IN3O2P,31,0.14841481848465882,1.0,2
OFF23 test sample,266,CH6O2,9,0.027526610798848772,0.04229066886786981,0
OFF23 test sample,267,C21H22ClNO4,49,0.03838994434764922,1.0,1
OFF23 test sample,268,C13H11F3N4O,32,0.012135755772529445,0.03560117791213668,0
OFF23 test sample,269,C2H6N2O2,12,0.016370362355611585,0.02635152234016247,0
OFF23 test sample,270,C8H8,16,0.017745222156158015,0.08997170962409962,0
OFF23 test sample,271,C16H22N2O3,43,0.023130729868369265,0.2024684094879431,0
OFF23 test sample,272,C8H12N4,24,0.030085257026566826,0.13408872349581547,0
OFF23 test sample,273,C15H14O,30,0.09317042347924662,0.29584800028676705,0
OFF23 test sample,274,C7H9BrN2O2S,22,0.15584117282866583,1.0,2
OFF23 test sample,275,H6N2,8,0.05338382144609753,0.06020785066268175,0
OFF23 test sample,276,C20H20BrN3O2S2,48,0.09177438389395304,1.0,3
OFF23 test sample,277,C4H9NO,15,0.012417004915736045,0.03389326507299362,0
OFF23 test sample,278,CH4O3,8,0.033592409586671965,0.059185652416884005,0
OFF23 test sample,279,C2H8O2,12,0.02196108610757268,0.04599097651200057,0
OFF23 test sample,280,C15H23NO4,43,0.017811719710401665,0.044679052539649766,0
OFF23 test sample,281,C18H15N5O2,40,0.01405389365149572,0.04425129967782282,0
OFF23 test sample,282,C14H18NO7P,41,0.05497706659239347,1.0,1
OFF23 test sample,283,C25H16FN3O4,49,0.01474778431152733,0.08318032027565858,0
OFF23 test sample,284,C4H10Cl2,16,0.14745121354297624,1.0,2
OFF23 test sample,285,C7H9F2NO2,21,0.018251830622911754,0.0613423894286903,0
OFF23 test sample,286,C19H20Cl2N2O6S,50,0.09044478814591692,1.0,3
OFF23 test sample,287,C2F4S2,8,0.33977128136891666,1.0,2
OFF23 test sample,288,C17H22N6O2,47,0.018690580396371094,0.11962759980432625,0
OFF23 test sample,289,H4OS2,7,0.3165189934521928,1.0,2
OFF23 test sample,290,C2H4O2,8,0.02802030252765783,0.05305801470764504,0
OFF23 test sample,291,C23H18F3NOS,47,0.038020253983565656,1.0,1
OFF23 test sample,292,C4H12S2,18,0.2078130717513279,1.0,2
OFF23 test sample,293,C17H20O7,44,0.02148108853729506,0.16139784591524453,0
OFF23 test sample,294,C12H56N2O22,92,0.04850135768308476,0.23042682033800477,0
OFF23 test sample,295,CH3Br3O,8,0.42439170955643174,1.0,3
OFF23 test sample,296,C15H10NO4P,31,0.07747173753379273,1.0,1
OFF23 test sample,297,C5H12O2,19,0.018985012122829506,0.12779968325876112,0
OFF23 test sample,298,C19H18ClN5,43,0.03756183835458327,1.0,1
OFF23 test sample,299,C18H22F3N3,46,0.014922093777232068,0.11300193137522663,0
rosuvastatin,0,C22H28FN3O6S,61,0.037429998140487156,1.0,1
